整理番号	異体1	Unicode1	異体2	Unicode2	異体3	Unicode3	異体4	Unicode4
03473	㑇	3447	㑳	3473				
0361A	㘎	360E	㘚	361A				
0396E	㤘	3918	㥮	396E				
03A73	㧐	39D0	㩳	3A73				
043B1	䎬	43AC	䎱	43B1				
04661	䙌	464C	䙡	4661				
0477C	䞍	478D	䝼	477C				
04947	䦂	4982	䥇	4947				
0499B	䦶	49B6	䦛	499B				
0499F	䦷	49B7	䦟	499F				
04C77	䲣	4CA3	䱷	4C77				
04E58	乗	4E57	乘	4E58				
04E82	乱	4E71	亂	4E82				
04E99	亘	4E98	亙	4E99				
04E9E	亜	4E9C	亞	4E9E	亚	4E9A		
04F5B	仏	4ECF	佛	4F5B				
04F86	来	6765	來	4F86				
04F96	仑	4ED1	侖	4F96				
04FAE	侮	4FAE	侮	FA30				
04FE0	俠	4FE0	侠	4FA0				
04FF1	俱	4FF1	倶	5036				
05000	伥	4F25	倀	5000				
05002	併	4F75	倂	5002				
05006	俩	4FE9	倆	5006				
05009	仓	4ED3	倉	5009				
0500B	个	4E2A	個	500B				
05011	们	4EEC	們	5011				
0502B	伦	4F26	倫	502B				
05047	仮	4EEE	假	5047				
05049	伟	4F1F	偉	5049				
05074	侧	4FA7	側	5074				
05075	侦	4FA6	偵	5075				
05096	伧	4F27	傖	5096				
05098	伞	4F1E	傘	5098				
05099	备	5907	備	5099				
050AD	佣	4F63	傭	50AD				
050B3	伝	4F1D	傳	50B3	传	4F20		
050B4	伛	4F1B	傴	50B4				
050B5	债	503A	債	50B5				
050B7	伤	4F24	傷	50B7				
050BE	倾	503E	傾	50BE				
050C2	偻	507B	僂	50C2				
050C5	仅	4EC5	僅	50C5				
050C9	佥	4F65	僉	50C9				
050D1	侨	4FA8	僑	50D1				
050D5	仆	4EC6	僕	50D5				
050DE	偽	507D	僞	50DE	伪	4F2A		
050E5	侥	4FA5	僥	50E5				
050E7	僧	50E7	僧	FA31				
050E8	偾	507E	僨	50E8				
050F9	価	4FA1	價	50F9	价	4EF7		
05100	仪	4EEA	儀	5100				
05102	侬	4FAC	儂	5102				
05104	亿	4EBF	億	5104				
05108	侩	4FA9	儈	5108				
05109	倹	5039	儉	5109	俭	4FED		
05110	傧	50A7	儐	5110				
05114	俦	4FE6	儔	5114				
05115	侪	4FAA	儕	5115				
05118	儘	5118	侭	4FAD				
0511F	偿	507F	償	511F				
0512A	优	4F18	優	512A				
05132	储	50A8	儲	5132				
05137	俪	4FEA	儷	5137				
0513A	傩	50A9	儺	513A				
0513B	傥	50A5	儻	513B				
0513C	俨	4FE8	儼	513C				
0514D	免	514D	免	FA32				
05152	児	5150	兒	5152	儿	513F		
05169	両	4E21	兩	5169	两	4E24		
0517F	艺	827A	兿	517F				
051CD	冻	51BB	凍	51CD				
051DC	凜	51DC	凛	51DB				
051F1	凯	51EF	凱	51F1				
05244	刭	522D	剄	5244				
05247	则	5219	則	5247				
05257	刬	522C	剗	5257				
0525B	刚	521A	剛	525B				
0525D	剝	525D	剥	5265				
05269	剰	5270	剩	5269				
0526E	剐	5250	剮	526E				
05274	剀	5240	剴	5274				
05275	创	521B	創	5275				
05283	划	5212	劃	5283				
05287	剧	5267	劇	5287				
05289	刘	5218	劉	5289				
0528A	刽	523D	劊	528A				
0528C	刿	523F	劌	528C				
0528D	剣	5263	劍	528D	剑	5251		
05291	剤	5264	劑	5291	剂	5242		
052C1	劲	52B2	勁	52C1				
052C9	勉	52C9	勉	FA33				
052D5	动	52A8	動	52D5				
052D9	务	52A1	務	52D9				
052DB	勋	52CB	勛	52DB				
052DD	胜	80DC	勝	52DD				
052DE	労	52B4	勞	52DE	劳	52B3		
052E2	势	52BF	勢	52E2				
052E4	勤	52E4	勤	FA34				
052E9	勚	52DA	勩	52E9				
052F3	勲	52F2	勳	52F3				
052F5	励	52B1	勵	52F5				
052F8	勧	52E7	勸	52F8	劝	529D		
0532D	匦	5326	匭	532D				
0532F	汇	6C47	匯	532F				
05331	匮	532E	匱	5331				
05340	区	533A	區	5340				
05351	卑	5351	卑	FA35				
05354	协	534F	協	5354				
05377	巻	5DFB	卷	5377				
0537D	即	5373	卽	537D				
05399	厍	538D	厙	5399				
053A0	厕	5395	厠	53A0				
053AD	厌	538C	厭	53AD				
053B2	厉	5389	厲	53B2				
053B4	厣	53A3	厴	53B4				
053C3	参	53C2	參	53C3				
053E2	丛	4E1B	叢	53E2				
053F1	𠮟	20B9F	叱	53F1				
0541E	吞	541E	呑	5451				
054E1	员	5458	員	54E1				
05504	呗	5457	唄	5504				
0554F	问	95EE	問	554F				
05553	启	542F	啓	5553				
0555E	啞	555E	唖	5516	哑	54D1		
05562	唡	5521	啢	5562				
0558E	㖞	359E	喎	558E				
0559D	喝	559D	喝	FA36				
055AA	丧	4E27	喪	55AA				
055AC	乔	4E54	喬	55AC				
055AE	単	5358	單	55AE	单	5355		
055B2	哟	54DF	喲	55B2				
055C6	呛	545B	嗆	55C6				
055C7	啬	556C	嗇	55C7				
055CA	唝	551D	嗊	55CA				
055CE	吗	5417	嗎	55CE				
055DA	呜	545C	嗚	55DA				
055E9	唢	5522	嗩	55E9				
055F6	哔	54D4	嗶	55F6				
05606	嘆	5606	嘆	FA37	叹	53F9		
0560D	喽	55BD	嘍	560D				
05614	呕	5455	嘔	5614				
05616	啧	5567	嘖	5616				
05617	尝	5C1D	嘗	5617				
0561C	唛	551B	嘜	561C				
05629	哗	54D7	嘩	5629				
0562E	唠	5520	嘮	562E				
0562F	啸	5578	嘯	562F				
05630	叽	53FD	嘰	5630				
05635	哓	54D3	嘵	5635				
05638	呒	5452	嘸	5638				
05653	噓	5653	嘘	5618				
0565D	咝	549D	噝	565D				
05660	哒	54D2	噠	5660				
05665	哝	54DD	噥	5665				
05666	哕	54D5	噦	5666				
05668	器	5668	器	FA38				
0566F	嗳	55F3	噯	566F				
05672	哙	54D9	噲	5672				
05674	喷	55B7	噴	5674				
05678	吨	5428	噸	5678				
05680	咛	549B	嚀	5680				
05687	吓	5413	嚇	5687				
05695	噜	565C	嚕	5695				
05699	嚙	5699	噛	565B	啮	556E		
056A6	呖	5456	嚦	56A6				
056A8	咙	5499	嚨	56A8				
056B3	喾	55BE	嚳	56B3				
056B4	厳	53B3	嚴	56B4	严	4E25		
056B6	嘤	5624	嚶	56B6				
056C0	啭	556D	囀	56C0				
056C1	嗫	55EB	囁	56C1				
056C2	嚣	56A3	囂	56C2				
056C5	冁	5181	囅	56C5				
056C8	呓	5453	囈	56C8				
056CA	囊	56CA	嚢	56A2				
056D1	嘱	5631	囑	56D1				
05707	囵	56F5	圇	5707				
05708	圏	570F	圈	5708				
0570B	国	56FD	國	570B				
0570D	囲	56F2	圍	570D	围	56F4		
05712	園	5712	薗	8597	园	56ED		
05713	円	5186	圓	5713	圆	5706		
05716	図	56F3	圖	5716	图	56FE		
05718	団	56E3	團	5718	团	56E2		
057E1	垭	57AD	埡	57E1				
057F7	执	6267	執	57F7				
05805	坚	575A	堅	5805				
0580A	垩	57A9	堊	580A				
0581D	埚	57DA	堝	581D				
0582F	尭	5C2D	堯	582F	尧	5C27		
05831	报	62A5	報	5831				
05834	场	573A	場	5834				
05840	塀	5840	塀	FA39				
0584A	块	5757	塊	584A				
0584B	茔	8314	塋	584B				
0584F	垲	57B2	塏	584F				
05852	埘	57D8	塒	5852				
05857	涂	6D82	塗	5857				
0585A	塚	585A	塚	FA10				
05861	塡	5861	填	586B				
05862	坞	575E	塢	5862				
05864	埙	57D9	塤	5864				
05875	尘	5C18	塵	5875				
05879	堑	5811	塹	5879				
0588A	垫	57AB	墊	588A				
0589C	坠	5760	墜	589C				
0589E	増	5897	增	589E				
058A8	墨	58A8	墨	FA3A				
058AE	堕	5815	墮	58AE				
058B3	坟	575F	墳	58B3				
058BB	墙	5899	墻	58BB				
058BE	垦	57A6	墾	58BE				
058C7	坛	575B	壇	58C7				
058D0	玺	73BA	壐	58D0				
058D3	圧	5727	壓	58D3	压	538B		
058D8	塁	5841	壘	58D8	垒	5792		
058D9	圹	5739	壙	58D9				
058DA	垆	5786	壚	58DA				
058DE	壊	58CA	壞	58DE	坏	574F		
058DF	垄	5784	壟	58DF				
058E2	坜	575C	壢	58E2				
058E4	壌	58CC	壤	58E4				
058E9	坝	575D	壩	58E9				
058EF	壮	58EE	壯	58EF				
058F9	壱	58F1	壹	58F9				
058FA	壺	58FA	壷	58F7	壶	58F6		
058FC	壸	58F8	壼	58FC				
058FD	寿	5BFF	壽	58FD				
05922	梦	68A6	夢	5922				
05925	伙	4F19	夥	5925				
0593E	夹	5939	夾	593E				
05967	奥	5965	奧	5967				
05969	奁	5941	奩	5969				
0596A	夺	593A	奪	596A				
0596C	奨	5968	奬	596C	奖	5956		
0596E	奋	594B	奮	596E				
0599D	妆	5986	妝	599D				
059F8	姸	59F8	妍	598D				
05A41	娄	5A04	婁	5A41				
05A66	妇	5987	婦	5A66				
05A6D	娅	5A05	婭	5A6D				
05AA7	娲	5A32	媧	5AA7				
05AAF	妫	59AB	媯	5AAF				
05ABD	妈	5988	媽	5ABD				
05AD7	妪	59AA	嫗	5AD7				
05AF5	妩	59A9	嫵	5AF5				
05AFB	娴	5A34	嫻	5AFB				
05AFF	婳	5A73	嫿	5AFF				
05B08	娆	5A06	嬈	5B08				
05B0B	婵	5A75	嬋	5B0B				
05B0C	娇	5A07	嬌	5B0C				
05B19	嫱	5AF1	嬙	5B19				
05B21	嫒	5AD2	嬡	5B21				
05B2A	嫔	5AD4	嬪	5B2A				
05B30	婴	5A74	嬰	5B30				
05B38	婶	5A76	嬸	5B38				
05B43	嬢	5B22	孃	5B43				
05B4C	娈	5A08	孌	5B4C				
05B6B	孙	5B59	孫	5B6B				
05B78	学	5B66	學	5B78				
05B7F	孪	5B6A	孿	5B7F				
05BCC	富	5BCC	冨	51A8				
05BDC	宁	5B81	寜	5BDC				
05BE2	寝	5BDD	寢	5BE2				
05BE6	実	5B9F	實	5BE6	实	5B9E		
05BE9	审	5BA1	審	5BE9				
05BEB	写	5199	寫	5BEB				
05BEC	寛	5BDB	寬	5BEC	宽	5BBD		
05BF5	宠	5BA0	寵	5BF5				
05BF6	宝	5B9D	寶	5BF6				
05C07	将	5C06	將	5C07				
05C08	専	5C02	專	5C08	专	4E13		
05C0B	寻	5BFB	尋	5C0B				
05C0D	対	5BFE	對	5C0D	对	5BF9		
05C0E	导	5BFC	導	5C0E				
05C37	尴	5C34	尷	5C37				
05C46	届	5C4A	屆	5C46				
05C5B	屛	5C5B	屏	5C4F				
05C62	屢	5C62	屡	5C61				
05C64	層	5C64	層	FA3B	层	5C42		
05C68	屦	5C66	屨	5C68				
05C6C	属	5C5E	屬	5C6C				
05CA1	冈	5188	岡	5CA1				
05CF0	峰	5CF0	峯	5CEF				
05CF4	岘	5C98	峴	5CF4				
05CF6	島	5CF6	嶋	5D8B	岛	5C9B		
05CFD	峡	5CE1	峽	5CFD				
05D0D	崃	5D03	崍	5D0D				
05D17	岗	5C97	崗	5D17				
05D2C	岽	5CBD	崬	5D2C				
05D50	岚	5C9A	嵐	5D50				
05D57	岁	5C81	嵗	5D57				
05D81	嵝	5D5D	嶁	5D81				
05D84	崭	5D2D	嶄	5D84				
05D87	岖	5C96	嶇	5D87				
05D94	嵚	5D5A	嶔	5D94				
05D97	崂	5D02	嶗	5D97				
05DA0	峤	5CE4	嶠	5DA0				
05DA2	峣	5CE3	嶢	5DA2				
05DA7	峄	5CC4	嶧	5DA7				
05DA8	峃	5CC3	嶨	5DA8				
05DB8	嵘	5D58	嶸	5DB8				
05DBA	岭	5CAD	嶺	5DBA				
05DBC	屿	5C7F	嶼	5DBC				
05DBD	岳	5CB3	嶽	5DBD				
05DCB	岿	5CBF	巋	5DCB				
05DD2	峦	5CE6	巒	5DD2				
05DD4	巅	5DC5	巔	5DD4				
05DD6	巌	5DCC	巖	5DD6				
05DE2	巣	5DE3	巢	5DE2				
05DF0	巯	5DEF	巰	5DF0				
05E25	帅	5E05	帥	5E25				
05E2B	师	5E08	師	5E2B				
05E33	帐	5E10	帳	5E33				
05E36	帯	5E2F	帶	5E36	带	5E26		
05E40	帧	5E27	幀	5E40				
05E43	帏	5E0F	幃	5E43				
05E57	帼	5E3C	幗	5E57				
05E58	帻	5E3B	幘	5E58				
05E5F	帜	5E1C	幟	5E5F				
05E63	币	5E01	幣	5E63				
05E6B	帮	5E2E	幫	5E6B				
05E77	幷	5E77	并	5E76				
05E7E	几	51E0	幾	5E7E				
05EAB	库	5E93	庫	5EAB				
05ECA	廊	5ECA	廊	F928				
05ECE	庼	5EBC	廎	5ECE				
05EDF	庙	5E99	廟	5EDF				
05EE0	厂	5382	廠	5EE0				
05EE1	庑	5E91	廡	5EE1				
05EE2	廃	5EC3	廢	5EE2	废	5E9F		
05EE3	広	5E83	廣	5EE3	广	5E7F		
05EEC	庐	5E90	廬	5EEC				
05EF3	庁	5E81	廳	5EF3	厅	5385		
05F35	张	5F20	張	5F35				
05F48	弾	5F3E	彈	5F48	弹	5F39		
05F4C	弥	5F25	彌	5F4C				
05F4E	弯	5F2F	彎	5F4E				
05F91	径	5F84	徑	5F91				
05F9E	従	5F93	從	5F9E	从	4ECE		
05FA0	徕	5F95	徠	5FA0				
05FA9	复	590D	復	5FA9				
05FB5	徴	5FB4	徵	5FB5				
05FB7	徳	5FB3	德	5FB7				
05FB9	彻	5F7B	徹	5FB9				
06046	恒	6052	恆	6046				
06094	悔	6094	悔	FA3D				
060B5	怅	6005	悵	60B5				
060B6	闷	95F7	悶	60B6				
060E0	恵	6075	惠	60E0				
060E1	悪	60AA	惡	60E1	恶	6076		
060F1	悩	60A9	惱	60F1	恼	607C		
060F2	恽	607D	惲	60F2				
060FB	恻	607B	惻	60FB				
0611B	爱	7231	愛	611B				
0611C	惬	60EC	愜	611C				
06134	怆	6006	愴	6134				
06137	恺	607A	愷	6137				
0613C	慎	614E	愼	613C				
0613E	忾	5FFE	愾	613E				
0614B	态	6001	態	614B				
06158	惨	60E8	慘	6158				
0615A	惭	60ED	慚	615A				
0615F	恸	6078	慟	615F				
06163	惯	60EF	慣	6163				
06164	悫	60AB	慤	6164				
06168	慨	6168	慨	FA3E				
0616A	怄	6004	慪	616A				
0616B	怂	6002	慫	616B				
0616E	虑	8651	慮	616E				
06173	悭	60AD	慳	6173				
06176	庆	5E86	慶	6176				
06182	忧	5FE7	憂	6182				
0618A	惫	60EB	憊	618A				
0618E	憎	618E	憎	FA3F				
06191	凭	51ED	憑	6191				
06192	愦	6126	憒	6192				
0619A	惮	60EE	憚	619A				
061A4	愤	6124	憤	61A4				
061AB	悯	60AF	憫	61AB				
061AE	怃	6003	憮	61AE				
061B2	宪	5BAA	憲	61B2				
061B6	忆	5FC6	憶	61B6				
061C7	恳	6073	懇	61C7				
061C9	応	5FDC	應	61C9	应	5E94		
061CC	怿	603F	懌	61CC				
061DF	怼	603C	懟	61DF				
061E3	懑	61D1	懣	61E3				
061E8	恹	6079	懨	61E8				
061F2	懲	61F2	懲	FA40	惩	60E9		
061F6	懒	61D2	懶	61F6				
061F7	懐	61D0	懷	61F7	怀	6000		
061F8	悬	60AC	懸	61F8				
061FA	忏	5FCF	懺	61FA				
061FC	惧	60E7	懼	61FC				
061FE	慑	6151	懾	61FE				
06200	恋	604B	戀	6200				
06207	戆	6206	戇	6207				
06214	戋	620B	戔	6214				
06227	戗	6217	戧	6227				
06230	戦	6226	戰	6230	战	6218		
06232	戯	622F	戲	6232	戏	620F		
0623E	戻	623B	戾	623E				
062C2	払	6255	拂	62C2				
062D4	抜	629C	拔	62D4				
062DC	拝	62DD	拜	62DC				
0633E	挟	631F	挾	633E				
0636B	扪	626A	捫	636B				
06383	扫	626B	掃	6383				
06384	抡	62A1	掄	6384				
06386	㧏	39CF	掆	6386				
06397	挜	631C	掗	6397				
063C0	拣	62E3	揀	63C0				
063D2	挿	633F	插	63D2				
063DA	扬	626C	揚	63DA				
063ED	掲	63B2	揭	63ED				
063EE	挥	6325	揮	63EE				
0640D	损	635F	損	640D				
06414	搔	6414	掻	63BB				
06416	揺	63FA	搖	6416				
06417	捣	6363	搗	6417				
0641C	捜	635C	搜	641C				
06436	抢	62A2	搶	6436				
06451	摑	6451	掴	63B4				
0645C	掼	63BC	摜	645C				
0645F	搂	6402	摟	645F				
0646F	挚	631A	摯	646F				
06473	抠	62A0	摳	6473				
06476	抟	629F	摶	6476				
0647B	掺	63BA	摻	647B				
06483	击	51FB	撃	6483				
06488	捞	635E	撈	6488				
0648F	挦	6326	撏	648F				
06493	挠	6320	撓	6493				
0649F	挢	6322	撟	649F				
064A3	掸	63B8	撣	64A3				
064A5	拨	62E8	撥	64A5				
064AB	抚	629A	撫	64AB				
064B2	扑	6251	撲	64B2				
064B3	揿	63FF	撳	64B3				
064BB	挞	631E	撻	64BB				
064BE	挝	631D	撾	64BE				
064BF	捡	6361	撿	64BF				
064C1	拥	62E5	擁	64C1				
064C4	掳	63B3	擄	64C4				
064C7	択	629E	擇	64C7	择	62E9		
064CA	撃	6483	擊	64CA				
064CB	挡	6321	擋	64CB				
064D3	㧟	39DF	擓	64D3				
064D4	担	62C5	擔	64D4				
064DA	拠	62E0	據	64DA				
064E0	挤	6324	擠	64E0				
064E7	挙	6319	擧	64E7	举	4E3E	舉	8209
064EC	拟	62DF	擬	64EC				
064EF	摈	6448	擯	64EF				
064F0	拧	62E7	擰	64F0				
064F1	搁	6401	擱	64F1				
064F2	掷	63B7	擲	64F2				
064F4	拡	62E1	擴	64F4	扩	6269		
064F7	撷	64B7	擷	64F7				
064F9	摊	644A	擹	64F9				
064FA	摆	6446	擺	64FA				
064FB	擞	64DE	擻	64FB				
064FE	扰	6270	擾	64FE				
06504	摅	6445	攄	6504				
06506	撵	64B5	攆	6506				
0650F	拢	62E2	攏	650F				
06514	拦	62E6	攔	6514				
06516	撄	6484	攖	6516				
06519	搀	6400	攙	6519				
0651B	撺	64BA	攛	651B				
0651D	摂	6442	攝	651D	摄	6444		
06522	攢	6522	攅	6505	攒	6512		
06523	挛	631B	攣	6523				
0652A	攪	652A	撹	64B9	搅	6405		
0652C	揽	63FD	攬	652C				
06536	収	53CE	收	6536				
06548	効	52B9	效	6548				
0654D	叙	53D9	敍	654D				
0654F	敏	654F	敏	FA41				
06555	勅	52C5	敕	6555				
06557	败	8D25	敗	6557				
06575	敌	654C	敵	6575				
06578	数	6570	數	6578				
06582	敛	655B	斂	6582				
06583	毙	6BD9	斃	6583				
06595	斓	6593	斕	6595				
065AC	斩	65A9	斬	65AC				
065B7	断	65AD	斷	65B7				
065E2	既	65E2	既	FA42				
06642	时	65F6	時	6642				
06643	晃	6643	晄	6644				
0665A	晩	6669	晩	665A				
0665D	昼	663C	晝	665D				
06688	晕	6655	暈	6688				
06691	暑	6691	暑	FA43				
06698	旸	65F8	暘	6698				
066A2	畅	7545	暢	66A2				
066AB	暂	6682	暫	66AB				
066C4	晔	6654	曄	66C4				
066C6	暦	66A6	曆	66C6				
066C7	昙	6619	曇	66C7				
066C9	暁	6681	曉	66C9	晓	6653		
066D6	暧	66A7	曖	66D6				
066E0	旷	65F7	曠	66E0				
066E8	昽	663D	曨	66E8				
066F8	书	4E66	書	66F8				
066FE	曽	66FD	曾	66FE				
06703	会	4F1A	會	6703				
06717	朗	6717	朗	F929				
06727	胧	80E7	朧	6727				
0676F	杯	676F	盃	76C3				
06771	东	4E1C	東	6771				
06885	梅	6885	梅	FA44				
06898	枧	67A7	梘	6898				
0689D	条	6761	條	689D				
0689F	枭	67AD	梟	689F				
068D6	枨	67A8	棖	68D6				
068D7	枣	67A3	棗	68D7				
068DF	栋	680B	棟	68DF				
068E1	㭎	3B4E	棡	68E1				
068E7	桟	685F	棧	68E7	栈	6808		
0694A	杨	6768	楊	694A				
06953	枫	67AB	楓	6953				
06968	桢	6862	楨	6968				
0696D	业	4E1A	業	696D				
06975	极	6781	極	6975				
069AE	栄	6804	榮	69AE	荣	8363		
069BF	桤	6864	榿	69BF				
069C7	槙	69D9	槇	69C7				
069CB	构	6784	構	69CB				
069CD	枪	67AA	槍	69CD				
069D8	样	6837	様	69D8				
069E7	椠	6920	槧	69E7				
069EA	概	6982		69EA				
069F3	桨	6868	槳	69F3				
06A01	桩	6869	樁	6A01				
06A02	楽	697D	樂	6A02	乐	4E50		
06A05	枞	679E	樅	6A05				
06A13	楼	697C	樓	6A13				
06A19	标	6807	標	6A19				
06A1E	枢	67A2	樞	6A1E				
06A23	様	69D8	樣	6A23				
06A39	树	6811	樹	6A39				
06A3A	桦	6866	樺	6A3A				
06A48	桡	6861	橈	6A48				
06A4B	桥	6865	橋	6A4B				
06A62	椭	692D	橢	6A62				
06A6B	横	6A2A	橫	6A6B				
06A89	柽	67FD	檉	6A89				
06A94	档	6863	檔	6A94				
06A9C	桧	6867	檜	6A9C				
06A9F	槚	69DA	檟	6A9F				
06AA2	検	691C	檢	6AA2	检	68C0		
06AA3	樯	6A2F	檣	6AA3				
06AAE	檮	6AAE	梼	68BC				
06AB3	槟	69DF	檳	6AB3				
06AB8	柠	67E0	檸	6AB8				
06ABB	槛	69DB	檻	6ABB				
06AC3	柜	67DC	櫃	6AC3				
06AD3	橹	6A79	櫓	6AD3				
06ADA	榈	6988	櫚	6ADA				
06ADB	栉	6809	櫛	6ADB				
06ADD	椟	691F	櫝	6ADD				
06ADE	橼	6A7C	櫞	6ADE				
06ADF	栎	680E	櫟	6ADF				
06AE7	槠	69E0	櫧	6AE7				
06AE8	栌	680C	櫨	6AE8				
06AEA	枥	67A5	櫪	6AEA				
06AEC	榇	6987	櫬	6AEC				
06AF3	栊	680A	櫳	6AF3				
06AF8	榉	6989	櫸	6AF8				
06AFB	桜	685C	櫻	6AFB	樱	6A31		
06B04	欄	6B04	欄	F91D	栏	680F		
06B0A	権	6A29	權	6B0A	权	6743		
06B0F	椤	6924	欏	6B0F				
06B12	栾	683E	欒	6B12				
06B16	榄	6984	欖	6B16				
06B1E	棂	68C2	欞	6B1E				
06B3D	钦	94A6	欽	6B3D				
06B50	欧	6B27	歐	6B50				
06B5F	欤	6B24	歟	6B5F				
06B61	歓	6B53	歡	6B61	欢	6B22		
06B65	歩	6B69	步	6B65				
06B77	歴	6B74	歷	6B77	历	5386		
06B78	帰	5E30	歸	6B78	归	5F52		
06B98	残	6B8B	殘	6B98				
06B9E	殒	6B92	殞	6B9E				
06BA4	殇	6B87	殤	6BA4				
06BA8	㱮	3C6E	殨	6BA8				
06BAB	殚	6B9A	殫	6BAB				
06BAE	殓	6B93	殮	6BAE				
06BAF	殡	6BA1	殯	6BAF				
06BB2	歼	6B7C	殲	6BB2				
06BBA	殺	6BBA	殺	F970	杀	6740		
06BBC	殻	6BBB	殼	6BBC	壳	58F3		
06BC6	殴	6BB4	毆	6BC6				
06BCF	毎	6BCE	每	6BCF				
06BFF	毵	6BF5	毿	6BFF				
06C08	毡	6BE1	氈	6C08				
06C0C	氇	6C07	氌	6C0C				
06C23	気	6C17	氣	6C23	气	6C14		
06C2B	氢	6C22	氫	6C2B				
06C2C	氩	6C29	氬	6C2C				
06D77	海	6D77	海	FA45				
06D79	浃	6D43	浹	6D79				
06D87	泾	6CFE	涇	6D87				
06D89	渉	6E09	涉	6D89				
06DBC	涼	6DBC	凉	51C9				
06DDA	涙	6D99	淚	6DDA				
06DE8	浄	6D44	淨	6DE8				
06DEA	沦	6CA6	淪	6DEA				
06DF5	渊	6E0A	淵	6DF5				
06DF6	涞	6D9E	淶	6DF6				
06DFA	浅	6D45	淺	6DFA				
06E1A	渚	6E1A	渚	FA46				
06E22	沨	6CA8	渢	6E22				
06E26	涡	6DA1	渦	6E26				
06E2C	测	6D4B	測	6E2C				
06E34	渇	6E07	渴	6E34				
06E3E	浑	6D51	渾	6E3E				
06E5E	浈	6D48	湞	6E5E				
06E6F	汤	6C64	湯	6E6F				
06E88	沩	6CA9	溈	6E88				
06E9D	沟	6C9F	溝	6E9D				
06EAA	渓	6E13	溪	6EAA				
06EAB	温	6E29	溫	6EAB				
06EAE	浉	6D49	溮	6EAE				
06EB3	涢	6DA2	溳	6EB3				
06EC4	沧	6CA7	滄	6EC4				
06EC5	灭	706D	滅	6EC5				
06ECC	涤	6DA4	滌	6ECC				
06ECE	荥	8365	滎	6ECE				
06EEC	沪	6CAA	滬	6EEC				
06EEF	滞	6EDE	滯	6EEF				
06EF2	渗	6E17	滲	6EF2				
06EF8	浒	6D52	滸	6EF8				
06EFB	浐	6D50	滻	6EFB				
06EFF	満	6E80	滿	6EFF	满	6EE1		
06F01	渔	6E14	漁	6F01				
06F0A	溇	6E87	漊	6F0A				
06F1A	沤	6CA4	漚	6F1A				
06F22	漢	6F22	漢	FA47	汉	6C49		
06F23	涟	6D9F	漣	6F23				
06F2C	渍	6E0D	漬	6F2C				
06F32	涨	6DA8	漲	6F32				
06F38	渐	6E10	漸	6F38				
06F3F	浆	6D46	漿	6F3F				
06F41	颍	988D	潁	6F41				
06F51	潑	6F51	溌	6E8C	泼	6CFC		
06F54	洁	6D01	潔	6F54				
06F5B	潜	6F5C	潛	6F5B				
06F64	润	6DA6	潤	6F64				
06F6F	浔	6D54	潯	6F6F				
06F70	溃	6E83	潰	6F70				
06F77	滗	6ED7	潷	6F77				
06F7F	涠	6DA0	潿	6F7F				
06F80	涩	6DA9	澀	6F80				
06F81	渋	6E0B	澁	6F81				
06F86	浇	6D47	澆	6F86				
06F87	涝	6D9D	澇	6F87				
06F97	涧	6DA7	澗	6F97				
06FA0	渑	6E11	澠	6FA0				
06FA4	沢	6CA2	澤	6FA4	泽	6CFD		
06FA6	滪	6EEA	澦	6FA6				
06FAE	浍	6D4D	澮	6FAE				
06FBE	㳠	3CE0	澾	6FBE				
06FC1	浊	6D4A	濁	6FC1				
06FC3	浓	6D53	濃	6FC3				
06FD5	湿	6E7F	濕	6FD5	湿	6E7F		
06FD8	泞	6CDE	濘	6FD8				
06FDC	浕	6D55	濜	6FDC				
06FDF	済	6E08	濟	6FDF	济	6D4E		
06FE4	濤	6FE4	涛	6D9B				
06FEB	滥	6EE5	濫	6FEB				
06FF0	潍	6F4D	濰	6FF0				
06FF1	浜	6D5C	濱	6FF1	滨	6EE8		
06FFA	溅	6E85	濺	6FFA				
06FFC	泺	6CFA	濼	6FFC				
06FFE	滤	6EE4	濾	6FFE				
07006	瀆	7006	涜	6D9C	渎	6E0E		
07009	泻	6CFB	瀉	7009				
0700F	浏	6D4F	瀏	700F				
07015	濒	6FD2	瀕	7015				
07018	泸	6CF8	瀘	7018				
0701D	沥	6CA5	瀝	701D				
0701F	潇	6F47	瀟	701F				
07027	滝	6EDD	瀧	7027	泷	6CF7		
07028	瀬	702C	瀨	7028	濑	6FD1		
07032	潋	6F4B	瀲	7032				
0703E	澜	6F9C	瀾	703E				
07043	沣	6CA3	灃	7043				
07044	滠	6EE0	灄	7044				
0704C	灌	704C	潅	6F45				
07051	洒	6D12	灑	7051				
07055	漓	6F13	灕	7055				
07058	滩	6EE9	灘	7058				
0705D	灏	704F	灝	705D				
07063	湾	6E7E	灣	7063				
07064	滦	6EE6	灤	7064				
07067	滟	6EDF	灧	7067				
070BA	为	4E3A	為	70BA				
070CF	乌	4E4C	烏	70CF				
070F4	烃	70C3	烴	70F4				
07121	无	65E0	無	7121				
07130	焰	7130	焔	7114				
0713C	烧	70E7	焼	713C				
07149	炼	70BC	煉	7149				
07152	炜	709C	煒	7152				
07162	茕	8315	煢	7162				
07169	烦	70E6	煩	7169				
0716C	炀	7080	煬	716C				
0716E	煮	716E	煮	FA48				
07192	荧	8367	熒	7192				
07197	炝	709D	熗	7197				
071B1	热	70ED	熱	71B1				
071BE	炽	70BD	熾	71BE				
071C1	烨	70E8	燁	71C1				
071C8	灯	706F	燈	71C8				
071D2	焼	713C	燒	71D2				
071D9	烫	70EB	燙	71D9				
071DC	焖	7116	燜	71DC				
071DF	営	55B6	營	71DF	营	8425		
071E6	灿	707F	燦	71E6				
071ED	烛	70DB	燭	71ED				
071F4	烩	70E9	燴	71F4				
071FC	烬	70EC	燼	71FC				
071FE	焘	7118	燾	71FE				
0720D	烁	70C1	爍	720D				
07210	炉	7089	爐	7210				
0721B	烂	70C2	爛	721B				
0722D	争	4E89	爭	722D				
07232	為	70BA	爲	7232				
0723A	爷	7237	爺	723A				
0723E	尔	5C14	爾	723E				
07258	牍	724D	牘	7258				
0727D	牵	7275	牽	727D				
07296	荦	8366	犖	7296				
072A2	犊	728A	犢	72A2				
072A7	犠	72A0	犧	72A7	牺	727A		
072C0	状	72B6	狀	72C0				
072F9	狭	72ED	狹	72F9				
072FD	狈	72C8	狽	72FD				
0732A	猪	732A	猪	FA16				
07336	犹	72B9	猶	7336				
0733B	狲	72F2	猻	733B				
07341	犸	72B8	獁	7341				
07344	狱	72F1	獄	7344				
07345	狮	72EE	獅	7345				
07368	独	72EC	獨	7368				
0736A	狯	72EF	獪	736A				
0736B	猃	7303	獫	736B				
07370	狞	72DE	獰	7370				
07372	获	83B7	獲	7372				
07375	猟	731F	獵	7375	猎	730E		
07377	犷	72B7	獷	7377				
07378	獣	7363	獸	7378	兽	517D		
0737A	獭	736D	獺	737A				
0737B	献	732E	獻	737B				
0737C	猕	7315	獼	737C				
07380	猡	7321	玀	7380				
073FE	现	73B0	現	73FE				
07422	琢	7422	琢	FA4A				
0743F	珲	73F2	琿	743F				
0744B	玮	73AE	瑋	744B				
07463	琐	7410	瑣	7463				
07469	莹	83B9	瑩	7469				
0746A	玛	739B	瑪	746A				
07472	玱	73B1	瑲	7472				
07489	琏	740F	璉	7489				
074A1	琎	740E	璡	74A1				
074A3	玑	7391	璣	74A3				
074A6	瑷	7477	璦	74A6				
074B0	环	73AF	環	74B0				
074CA	琼	743C	瓊	74CA				
074CF	珑	73D1	瓏	74CF				
074D4	璎	748E	瓔	74D4				
074DA	瓒	74D2	瓚	74DA				
07501	瓶	74F6	甁	7501				
0750C	瓯	74EF	甌	750C				
07523	产	4EA7	産	7523				
0755D	亩	4EA9	畝	755D				
07562	毕	6BD5	畢	7562				
0756B	画	753B	畫	756B				
07576	当	5F53	當	7576				
07587	畴	7574	疇	7587				
0758A	畳	7573	疊	758A				
075D9	痉	75C9	痙	75D9				
0760B	疯	75AF	瘋	760B				
0760D	疡	75A1	瘍	760D				
0761E	瘗	7617	瘞	761E				
07621	疮	75AE	瘡	7621				
07626	痩	75E9	瘦	7626				
07627	疟	759F	瘧	7627				
0762E	瘆	7606	瘮	762E				
0763B	瘘	7618	瘻	763B				
07642	疗	7597	療	7642				
07646	痨	75E8	癆	7646				
07647	痫	75EB	癇	7647				
07649	瘅	7605	癉	7649				
07658	疠	75A0	癘	7658				
0765F	瘪	762A	癟	765F				
07661	痴	75F4	癡	7661				
07662	痒	75D2	癢	7662				
07664	疖	7596	癤	7664				
07667	疬	75AC	癧	7667				
07669	癞	765E	癩	7669				
0766C	癣	7663	癬	766C				
0766D	瘿	763F	癭	766D				
0766E	瘾	763E	癮	766E				
07670	痈	75C8	癰	7670				
07671	瘫	762B	癱	7671				
07672	癫	766B	癲	7672				
0767C	発	767A	發	767C	发	53D1		
0769A	皑	7691	皚	769A				
076B8	皲	76B2	皸	76B8				
076BA	皱	76B1	皺	76BA				
076DC	盗	76D7	盜	76DC				
076DE	盏	76CF	盞	76DE				
076E1	尽	5C3D	盡	76E1				
076E3	监	76D1	監	76E3				
076E4	盘	76D8	盤	76E4				
076E7	卢	5362	盧	76E7				
0771E	真	771F	眞	771E				
0775E	睐	7750	睞	775E				
07798	眍	770D	瞘	7798				
0779C	䁖	4056	瞜	779C				
0779E	瞒	7792	瞞	779E				
077BC	睑	7751	瞼	77BC				
077DA	瞩	77A9	矚	77DA				
077EF	矫	77EB	矯	77EF				
0784F	研	7814	硏	784F				
07864	硖	7856	硤	7864				
07868	砗	7817	硨	7868				
0786F	砚	781A	硯	786F				
0788E	砕	7815	碎	788E				
07891	碑	7891	碑	FA4B				
078A9	硕	7855	碩	78A9				
078AD	砀	7800	碭	78AD				
078B8	砜	781C	碸	78B8				
078BA	确	786E	確	78BA				
078BC	码	7801	碼	78BC				
078D1	硙	7859	磑	78D1				
078DA	砖	7816	磚	78DA				
078E3	碜	789C	磣	78E3				
078E7	碛	789B	磧	78E7				
078EF	矶	77F6	磯	78EF				
078FD	硗	7857	磽	78FD				
07904	硚	785A	礄	7904				
0790E	础	7840	礎	790E				
07919	碍	788D	礙	7919				
07926	礦	7926	砿	783F	矿	77FF		
0792A	礪	792A	砺	783A				
0792B	砾	783E	礫	792B				
0792C	矾	77FE	礬	792C				
07931	砻	783B	礱	7931				
0793E	社	793E	社	FA4C				
07948	祈	7948	祈	FA4E				
07949	祉	7949	祉	FA4D				
07950	祐	7950	祐	FA4F				
07955	秘	79D8	祕	7955				
07956	祖	7956	祖	FA50				
0795D	祝	795D	祝	FA51				
0795E	神	795E	神	FA19				
07965	祥	7965	祥	FA1A				
0797F	禄	7984	祿	797F				
0798D	禍	798D	禍	FA52	祸	7978		
0798E	禎	798E	禎	FA53	祯	796F		
0798F	福	798F	福	FA1B				
07995	祎	794E	禕	7995				
079AA	禅	7985	禪	79AA				
079AE	礼	793C	禮	79AE				
079B0	祢	7962	禰	79B0				
079B1	禱	79B1	祷	7977				
07A2E	种	79CD	種	7A2E				
07A31	称	79F0	稱	7A31				
07A3B	稲	7A32	稻	7A3B				
07A40	穀	7A40	穀	FA54				
07A47	䅟	415F	穇	7A47				
07A4C	稣	7A23	穌	7A4C				
07A4D	积	79EF	積	7A4D				
07A4E	颖	9896	穎	7A4E				
07A57	穂	7A42	穗	7A57				
07A61	穑	7A51	穡	7A61				
07A62	秽	79FD	穢	7A62				
07A69	穏	7A4F	穩	7A69	稳	7A33		
07A70	穣	7A63	穰	7A70				
07A81	突	7A81	突	FA55				
07AA9	窝	7A9D	窩	7AA9				
07AAA	洼	6D3C	窪	7AAA				
07AAE	穷	7A77	窮	7AAE				
07AB5	窎	7A8E	窵	7AB5				
07AB6	窭	7AAD	窶	7AB6				
07ABA	窥	7AA5	窺	7ABA				
07AC4	窜	7A9C	竄	7AC4				
07AC5	窍	7A8D	竅	7AC5				
07AC7	窦	7AA6	竇	7AC7				
07AC8	竈	7AC8	竃	7AC3	灶	7076		
07ACA	窃	7A83	竊	7ACA				
07ADD	並	4E26	竝	7ADD				
07AEA	竖	7AD6	竪	7AEA				
07AF6	竞	7ADE	競	7AF6				
07B46	笔	7B14	筆	7B46				
07B67	笕	7B15	筧	7B67				
07B8B	笺	7B3A	箋	7B8B				
07BC0	節	7BC0	節	FA56	节	8282		
07BC4	范	8303	範	7BC4				
07BCB	箧	7BA7	篋	7BCB				
07BE4	笃	7B03	篤	7BE4				
07BE9	筛	7B5B	篩	7BE9				
07BF3	筚	7B5A	篳	7BF3				
07C00	箦	7BA6	簀	7C00				
07C0D	篓	7BD3	簍	7C0D				
07C1E	簞	7C1E	箪	7BAA				
07C21	简	7B80	簡	7C21				
07C23	篑	7BD1	簣	7C23				
07C2B	箫	7BAB	簫	7C2B				
07C3E	帘	5E18	簾	7C3E				
07C43	篮	7BEE	籃	7C43				
07C4C	筹	7B79	籌	7C4C				
07C59	箓	7B93	籙	7C59				
07C5C	箨	7BA8	籜	7C5C				
07C5F	籁	7C41	籟	7C5F				
07C60	籠	7C60	篭	7BED	笼	7B3C		
07C64	签	7B7E	籤	7C64				
07C69	笾	7B3E	籩	7C69				
07C6A	簖	7C16	籪	7C6A				
07C6C	篱	7BF1	籬	7C6C				
07C6E	箩	7BA9	籮	7C6E				
07C72	吁	5401	籲	7C72				
07CB9	粋	7C8B	粹	7CB9				
07CDD	糁	7CC1	糝	7CDD				
07CDE	粪	7CAA	糞	7CDE				
07CE7	粮	7CAE	糧	7CE7				
07CF2	粝	7C9D	糲	7CF2				
07CF4	籴	7C74	糴	7CF4				
07CF6	粜	7C9C	糶	7CF6				
07CFE	纠	7EA0	糾	7CFE				
07D00	纪	7EAA	紀	7D00				
07D02	纣	7EA3	紂	7D02				
07D04	约	7EA6	約	7D04				
07D05	红	7EA2	紅	7D05				
07D06	纡	7EA1	紆	7D06				
07D07	纥	7EA5	紇	7D07				
07D08	纨	7EA8	紈	7D08				
07D09	纫	7EAB	紉	7D09				
07D0B	纹	7EB9	紋	7D0B				
07D0D	纳	7EB3	納	7D0D				
07D10	纽	7EBD	紐	7D10				
07D13	纾	7EBE	紓	7D13				
07D14	纯	7EAF	純	7D14				
07D15	纰	7EB0	紕	7D15				
07D16	纼	7EBC	紖	7D16				
07D17	纱	7EB1	紗	7D17				
07D19	纸	7EB8	紙	7D19				
07D1A	级	7EA7	級	7D1A				
07D1B	纷	7EB7	紛	7D1B				
07D1C	纭	7EAD	紜	7D1C				
07D1D	纴	7EB4	紝	7D1D				
07D21	纺	7EBA	紡	7D21				
07D2C	䌷	4337	紬	7D2C				
07D30	细	7EC6	細	7D30				
07D31	绂	7EC2	紱	7D31				
07D32	绁	7EC1	紲	7D32				
07D33	绅	7EC5	紳	7D33				
07D39	绍	7ECD	紹	7D39				
07D3A	绀	7EC0	紺	7D3A				
07D3C	绋	7ECB	紼	7D3C				
07D3F	绐	7ED0	紿	7D3F				
07D40	绌	7ECC	絀	7D40				
07D42	终	7EC8	終	7D42				
07D44	组	7EC4	組	7D44				
07D46	绊	7ECA	絆	7D46				
07D4E	绗	7ED7	絎	7D4E				
07D50	结	7ED3	結	7D50				
07D5D	绔	7ED4	絝	7D5D				
07D5E	绞	7EDE	絞	7D5E				
07D61	络	7EDC	絡	7D61				
07D62	绚	7EDA	絢	7D62				
07D66	给	7ED9	給	7D66				
07D68	绒	7ED2	絨	7D68				
07D70	绖	7ED6	絰	7D70				
07D71	统	7EDF	統	7D71				
07D72	糸	7CF8	絲	7D72	丝	4E1D		
07D73	绛	7EDB	絳	7D73				
07D76	绝	7EDD	絶	7D76				
07D79	绢	7EE2	絹	7D79				
07D81	绑	7ED1	綁	7D81				
07D83	绡	7EE1	綃	7D83				
07D86	绠	7EE0	綆	7D86				
07D88	绨	7EE8	綈	7D88				
07D89	绣	7EE3	綉	7D89				
07D8F	绥	7EE5	綏	7D8F				
07D93	経	7D4C	經	7D93	经	7ECF		
07D9C	综	7EFC	綜	7D9C				
07DA0	緑	7DD1	綠	7DA0				
07DA2	绸	7EF8	綢	7DA2				
07DA3	绻	7EFB	綣	7DA3				
07DAB	线	7EBF	綫	7DAB				
07DAC	绶	7EF6	綬	7DAC				
07DAD	维	7EF4	維	7DAD				
07DB0	绾	7EFE	綰	7DB0				
07DB1	纲	7EB2	綱	7DB1				
07DB2	网	7F51	網	7DB2				
07DB3	绷	7EF7	綳	7DB3				
07DB4	缀	7F00	綴	7DB4				
07DB8	纶	7EB6	綸	7DB8				
07DB9	绺	7EFA	綹	7DB9				
07DBA	绮	7EEE	綺	7DBA				
07DBB	绽	7EFD	綻	7DBB				
07DBD	绰	7EF0	綽	7DBD				
07DBE	绫	7EEB	綾	7DBE				
07DBF	绵	7EF5	綿	7DBF				
07DC4	绲	7EF2	緄	7DC4				
07DC7	缁	7F01	緇	7DC7				
07DCA	紧	7D27	緊	7DCA				
07DCB	绯	7EEF	緋	7DCB				
07DD1	绿	7EFF	緑	7DD1				
07DD2	绪	7EEA	緒	7DD2				
07DD6	緒	7DD2	緖	7DD6				
07DD7	缃	7F03	緗	7DD7				
07DD8	缄	7F04	緘	7DD8				
07DD9	缂	7F02	緙	7DD9				
07DDD	缉	7F09	緝	7DDD				
07DDE	缎	7F0E	緞	7DDE				
07DE0	缔	7F14	締	7DE0				
07DE1	缗	7F17	緡	7DE1				
07DE3	縁	7E01	緣	7DE3	缘	7F18		
07DE6	缌	7F0C	緦	7DE6				
07DE8	编	7F16	編	7DE8				
07DE9	缓	7F13	緩	7DE9				
07DEC	缅	7F05	緬	7DEC				
07DEF	纬	7EAC	緯	7DEF				
07DF1	缑	7F11	緱	7DF1				
07DF2	缈	7F08	緲	7DF2				
07DF4	練	7DF4	練	FA57	练	7EC3		
07DF9	缇	7F07	緹	7DF9				
07DFC	缊	7F0A	緼	7DFC				
07E08	萦	8426	縈	7E08				
07E09	缙	7F19	縉	7E09				
07E0A	缢	7F22	縊	7E0A				
07E0B	缒	7F12	縋	7E0B				
07E10	绉	7EC9	縐	7E10				
07E11	缣	7F23	縑	7E11				
07E17	缞	7F1E	縗	7E17				
07E1B	缚	7F1A	縛	7E1B				
07E1D	缜	7F1C	縝	7E1D				
07E1E	缟	7F1F	縞	7E1E				
07E1F	缛	7F1B	縟	7E1F				
07E23	県	770C	縣	7E23	县	53BF		
07E27	绦	7EE6	縧	7E27				
07E2B	缝	7F1D	縫	7E2B				
07E2D	缡	7F21	縭	7E2D				
07E2E	缩	7F29	縮	7E2E				
07E31	縦	7E26	縱	7E31	纵	7EB5		
07E32	缧	7F27	縲	7E32				
07E34	纤	7EA4	縴	7E34				
07E35	缦	7F26	縵	7E35				
07E36	絷	7D77	縶	7E36				
07E37	缕	7F15	縷	7E37				
07E39	缥	7F25	縹	7E39				
07E3D	総	7DCF	總	7E3D	总	603B		
07E3E	绩	7EE9	績	7E3E				
07E41	繁	7E41	繁	FA59				
07E45	缫	7F2B	繅	7E45				
07E46	缪	7F2A	繆	7E46				
07E52	缯	7F2F	繒	7E52				
07E54	织	7EC7	織	7E54				
07E55	缮	7F2E	繕	7E55				
07E5A	缭	7F2D	繚	7E5A				
07E5E	绕	7ED5	繞	7E5E				
07E61	繡	7E61	繍	7E4D				
07E69	縄	7E04	繩	7E69	绳	7EF3		
07E6A	絵	7D75	繪	7E6A	绘	7ED8		
07E6B	繫	7E6B	繋	7E4B				
07E6D	茧	8327	繭	7E6D				
07E6E	缰	7F30	繮	7E6E				
07E6F	缳	7F33	繯	7E6F				
07E70	缲	7F32	繰	7E70				
07E73	缴	7F34	繳	7E73				
07E79	绎	7ECE	繹	7E79				
07E7C	継	7D99	繼	7E7C	继	7EE7		
07E7D	缤	7F24	繽	7E7D				
07E7E	缱	7F31	繾	7E7E				
07E88	缬	7F2C	纈	7E88				
07E8A	纩	7EA9	纊	7E8A				
07E8C	続	7D9A	續	7E8C	续	7EED		
07E8D	累	7D2F	纍	7E8D				
07E8F	缠	7F20	纏	7E8F				
07E93	缨	7F28	纓	7E93				
07E96	繊	7E4A	纖	7E96				
07E98	缵	7F35	纘	7E98				
07E9C	缆	7F06	纜	7E9C				
07F3A	欠	6B20	缺	7F3A				
07F4C	罂	7F42	罌	7F4C				
07F50	缶	7F36	罐	7F50				
07F72	署	7F72	署	FA5A				
07F77	罢	7F62	罷	7F77				
07F78	罚	7F5A	罸	7F78				
07F85	罗	7F57	羅	7F85				
07F86	罴	7F74	羆	7F86				
07FA5	羟	7F9F	羥	7FA5				
07FA9	义	4E49	義	7FA9				
07FD2	习	4E60	習	7FD2				
07FEC	翚	7FDA	翬	7FEC				
07FF9	翘	7FD8	翹	7FF9				
08005	者	8005	者	FA5B				
0802C	耧	8027	耬	802C				
0802E	耢	8022	耮	802E				
08056	圣	5723	聖	8056				
0805E	闻	95FB	聞	805E				
0806F	联	8054	聯	806F				
08070	聪	806A	聰	8070				
08072	声	58F0	聲	8072				
08073	耸	8038	聳	8073				
08075	聩	8069	聵	8075				
08076	聂	8042	聶	8076				
08077	职	804C	職	8077				
08079	聍	804D	聹	8079				
0807D	聴	8074	聽	807D	听	542C		
0807E	聋	804B	聾	807E				
08085	粛	7C9B	肅	8085	肃	8083		
08105	胁	80C1	脅	8105				
0811B	胫	80EB	脛	811B				
08139	胀	80C0	脹	8139				
0814E	肾	80BE	腎	814E				
08156	胨	80E8	腖	8156				
08161	脶	8136	腡	8161				
08166	脳	8133	腦	8166	脑	8111		
0816B	肿	80BF	腫	816B				
08178	肠	80A0	腸	8178				
08195	腘	8158	膕	8195				
0819A	肤	80A4	膚	819A				
0819E	䏝	43DD	膞	819E				
081A0	胶	80F6	膠	81A0				
081A9	腻	817B	膩	81A9				
081BD	胆	80C6	膽	81BD				
081BE	脍	810D	膾	81BE				
081BF	脓	8113	膿	81BF				
081C9	脸	8138	臉	81C9				
081CD	脐	8110	臍	81CD				
081CF	膑	8191	臏	81CF				
081D3	赃	8D43	臓	81D3				
081D8	腊	814A	臘	81D8				
081DA	胪	80EA	臚	81DA				
081DF	臓	81D3	臟	81DF				
081E0	脔	8114	臠	81E0				
081E2	臜	81DC	臢	81E2				
081E8	临	4E34	臨	81E8				
081ED	臭	81ED	臭	FA5C				
081FA	台	53F0	臺	81FA				
08207	与	4E0E	與	8207				
08208	兴	5174	興	8208				
0820A	旧	65E7	舊	820A				
08259	舱	8231	艙	8259				
08266	舰	8230	艦	8266				
0826B	舻	823B	艫	826B				
08271	艰	8270	艱	8271				
08276	艳	8273	艶	8276				
08277	艶	8276	艷	8277				
082BB	刍	520D	芻	82BB				
0838A	荘	8358	莊	838A				
08396	茎	830E	莖	8396				
083A2	荚	835A	莢	83A2				
083A7	苋	82CB	莧	83A7				
083EF	华	534E	華	83EF				
0840A	萊	840A	莱	83B1				
0840C	萠	8420	萌	840C				
0842C	万	4E07	萬	842C				
08435	莴	83B4	萵	8435				
08452	荭	836D	葒	8452				
08457	著	8457	著	FA5F				
08464	荮	836E	葤	8464				
08466	苇	82C7	葦	8466				
08477	荤	8364	葷	8477				
08493	莼	83BC	蒓	8493				
08494	莳	83B3	蒔	8494				
084BC	苍	82CD	蒼	84BC				
084C0	荪	836A	蓀	84C0				
084CB	盖	76D6	蓋	84CB				
084EE	莲	83B2	蓮	84EE				
084EF	苁	82C1	蓯	84EF				
084FD	荜	835C	蓽	84FD				
0851E	蒌	848C	蔞	851E				
08523	蔣	8523	蒋	848B				
08526	茑	8311	蔦	8526				
0852D	荫	836B	蔭	852D				
08541	荨	8368	蕁	8541				
08546	蒇	8487	蕆	8546				
0854E	荞	835E	蕎	854E				
08552	荬	836C	蕒	8552				
08553	芸	82B8	蕓	8553				
08555	莸	83B8	蕕	8555				
08558	荛	835B	蕘	8558				
08562	蒉	8489	蕢	8562				
08569	荡	8361	蕩	8569				
0856A	芜	829C	蕪	856A				
0856D	萧	8427	蕭	856D				
08577	蓣	84E3	蕷	8577				
08588	荟	835F	薈	8588				
0858A	蓟	84DF	薊	858A				
0858C	芗	8297	薌	858C				
08591	姜	59DC	薑	8591				
08594	蔷	8537	薔	8594				
085A6	荐	8350	薦	85A6				
085A9	萨	8428	薩	85A9				
085B0	薫	85AB	薰	85B0				
085BA	荠	8360	薺	85BA				
085CD	蓝	84DD	藍	85CD				
085CE	荩	8369	藎	85CE				
085CF	蔵	8535	藏	85CF				
085DD	芸	82B8	藝	85DD				
085E5	薬	85AC	藥	85E5	药	836F		
085EA	藪	85EA	薮	85AE				
085ED	䓖	44D6	藭	85ED				
085F4	蕴	8574	藴	85F4				
085F6	苈	82C8	藶	85F6				
085F9	蔼	853C	藹	85F9				
085FA	蔺	853A	藺	85FA				
08600	萚	841A	蘀	8600				
08602	蘂	8602	蕊	854A				
08604	蕲	8572	蘄	8604				
08606	芦	82A6	蘆	8606				
08607	苏	82CF	蘇	8607				
0860B	苹	82F9	蘋	860B				
0861A	藓	85D3	蘚	861A				
0861E	蔹	8539	蘞	861E				
08622	茏	830F	蘢	8622				
0862D	兰	5170	蘭	862D				
0863F	萝	841D	蘿	863F				
08655	処	51E6	處	8655	处	5904		
0865B	虚	865A	虛	865B				
0865C	虜	865C	虜	F936	虏	864F		
0865F	号	53F7	號	865F				
08667	亏	4E8F	虧	8667				
086FA	蛱	86F1	蛺	86FA				
08706	蚬	86AC	蜆	8706				
08755	蚀	8680	蝕	8755				
08766	虾	867E	蝦	8766				
08778	蜗	8717	蝸	8778				
08784	蛳	86F3	螄	8784				
0879E	蚂	8682	螞	879E				
087A2	蛍	86CD	螢	87A2	萤	8424		
087BB	蝼	877C	螻	87BB				
087C4	蛰	86F0	蟄	87C4				
087C8	蝈	8748	蟈	87C8				
087CE	螨	87A8	蟎	87CE				
087E3	虮	866E	蟣	87E3				
087EC	蟬	87EC	蝉	8749				
087EF	蛲	86F2	蟯	87EF				
087F2	虫	866B	蟲	87F2				
087F6	蛏	86CF	蟶	87F6				
087FB	蚁	8681	蟻	87FB				
08805	蠅	8805	蝿	877F	蝇	8747		
08806	虿	867F	蠆	8806				
08810	蛴	86F4	蠐	8810				
08811	蝾	877E	蠑	8811				
0881F	蠟	881F	蝋	874B	蜡	8721		
08823	蠣	8823	蛎	86CE				
08828	蟏	87CF	蠨	8828				
08831	蛊	86CA	蠱	8831				
08836	蚕	8695	蠶	8836				
0883B	蛮	86EE	蠻	883B				
08846	众	4F17	衆	8846				
08853	术	672F	術	8853				
0885B	卫	536B	衛	885B				
0885D	冲	51B2	衝	885D				
0885E	衛	885B	衞	885E				
088CA	袅	8885	裊	88CA				
088DC	补	8865	補	88DC				
088DD	装	88C5	裝	88DD				
08910	褐	8910	褐	FA60				
08932	裤	88E4	褲	8932				
08933	裢	88E2	褳	8933				
08938	褛	891B	褸	8938				
0893B	亵	4EB5	褻	893B				
08943	褒	8912	襃	8943				
08947	裥	88E5	襇	8947				
08956	袄	8884	襖	8956				
0895D	裣	88E3	襝	895D				
08960	裆	88C6	襠	8960				
08964	褴	8934	襤	8964				
0896A	袜	889C	襪	896A				
0896F	衬	886C	襯	896F				
08972	袭	88AD	襲	8972				
0898A	羁	7F81	覊	898A				
0898B	见	89C1	見	898B				
0898E	觃	89C3	覎	898E				
0898F	规	89C4	規	898F				
08993	觅	89C5	覓	8993				
08996	視	8996	視	FA61	视	89C6		
08998	觇	89C7	覘	8998				
089A1	觋	89CB	覡	89A1				
089A6	觎	89CE	覦	89A6				
089AA	亲	4EB2	親	89AA				
089AC	觊	89CA	覬	89AC				
089AF	觏	89CF	覯	89AF				
089B2	觐	89D0	覲	89B2				
089B7	觑	89D1	覷	89B7				
089BA	覚	899A	覺	89BA	觉	89C9		
089BD	覧	89A7	覽	89BD	览	89C8		
089BF	觌	89CC	覿	89BF				
089C0	観	89B3	觀	89C0	观	89C2		
089F4	觞	89DE	觴	89F4				
089F8	触	89E6	觸	89F8				
08A02	订	8BA2	訂	8A02				
08A03	讣	8BA3	訃	8A03				
08A08	计	8BA1	計	8A08				
08A0A	讯	8BAF	訊	8A0A				
08A0C	讧	8BA7	訌	8A0C				
08A0E	讨	8BA8	討	8A0E				
08A10	讦	8BA6	訐	8A10				
08A13	训	8BAD	訓	8A13				
08A15	讪	8BAA	訕	8A15				
08A16	讫	8BAB	訖	8A16				
08A18	记	8BB0	記	8A18				
08A1B	讹	8BB9	訛	8A1B				
08A1D	讶	8BB6	訝	8A1D				
08A1F	讼	8BBC	訟	8A1F				
08A22	䜣	4723	訢	8A22				
08A23	诀	8BC0	訣	8A23				
08A25	讷	8BB7	訥	8A25				
08A29	讻	8BBB	訩	8A29				
08A2A	访	8BBF	訪	8A2A				
08A2D	设	8BBE	設	8A2D				
08A31	许	8BB8	許	8A31				
08A34	诉	8BC9	訴	8A34				
08A36	诃	8BC3	訶	8A36				
08A3A	诊	8BCA	診	8A3A				
08A41	诂	8BC2	詁	8A41				
08A46	诋	8BCB	詆	8A46				
08A4E	讵	8BB5	詎	8A4E				
08A50	诈	8BC8	詐	8A50				
08A52	诒	8BD2	詒	8A52				
08A54	诏	8BCF	詔	8A54				
08A55	评	8BC4	評	8A55				
08A57	诇	8BC7	詗	8A57				
08A58	诎	8BCE	詘	8A58				
08A5B	诅	8BC5	詛	8A5B				
08A5E	词	8BCD	詞	8A5E				
08A61	诩	8BE9	詡	8A61				
08A62	询	8BE2	詢	8A62				
08A63	诣	8BE3	詣	8A63				
08A66	试	8BD5	試	8A66				
08A69	诗	8BD7	詩	8A69				
08A6B	诧	8BE7	詫	8A6B				
08A6C	诟	8BDF	詬	8A6C				
08A6D	诡	8BE1	詭	8A6D				
08A6E	诠	8BE0	詮	8A6E				
08A70	诘	8BD8	詰	8A70				
08A71	话	8BDD	話	8A71				
08A72	该	8BE5	該	8A72				
08A73	详	8BE6	詳	8A73				
08A7C	诙	8BD9	詼	8A7C				
08A7F	诖	8BD6	詿	8A7F				
08A84	诔	8BD4	誄	8A84				
08A85	诛	8BDB	誅	8A85				
08A86	诓	8BD3	誆	8A86				
08A87	夸	5938	誇	8A87				
08A8D	认	8BA4	認	8A8D				
08A91	诳	8BF3	誑	8A91				
08A92	诶	8BF6	誒	8A92				
08A95	诞	8BDE	誕	8A95				
08A98	诱	8BF1	誘	8A98				
08A9A	诮	8BEE	誚	8A9A				
08A9E	语	8BED	語	8A9E				
08AA0	诚	8BDA	誠	8AA0				
08AA1	诫	8BEB	誡	8AA1				
08AA3	诬	8BEC	誣	8AA3				
08AA4	误	8BEF	誤	8AA4				
08AA5	诰	8BF0	誥	8AA5				
08AA6	诵	8BF5	誦	8AA6				
08AA8	诲	8BF2	誨	8AA8				
08AAC	说	8BF4	説	8AAC				
08AB0	谁	8C01	誰	8AB0				
08AB2	课	8BFE	課	8AB2				
08AB6	谇	8C07	誶	8AB6				
08AB9	诽	8BFD	誹	8AB9				
08ABC	谊	8C0A	誼	8ABC				
08ABF	调	8C03	調	8ABF				
08AC2	谄	8C04	諂	8AC2				
08AC4	谆	8C06	諄	8AC4				
08AC7	谈	8C08	談	8AC7				
08AC9	诿	8BFF	諉	8AC9				
08ACB	请	8BF7	請	8ACB				
08ACD	诤	8BE4	諍	8ACD				
08ACF	诹	8BF9	諏	8ACF				
08AD1	诼	8BFC	諑	8AD1				
08AD2	谅	8C05	諒	8AD2				
08AD6	论	8BBA	論	8AD6				
08AD7	谂	8C02	諗	8AD7				
08ADB	谀	8C00	諛	8ADB				
08ADC	谍	8C0D	諜	8ADC				
08ADD	谞	8C1E	諝	8ADD				
08ADE	谝	8C1D	諞	8ADE				
08AE2	诨	8BE8	諢	8AE2				
08AE4	谔	8C14	諤	8AE4				
08AE6	谛	8C1B	諦	8AE6				
08AE7	谐	8C10	諧	8AE7				
08AEB	諫	8AEB	諌	8ACC	谏	8C0F		
08AED	谕	8C15	諭	8AED				
08AEE	谘	8C18	諮	8AEE				
08AF1	讳	8BB3	諱	8AF1				
08AF3	谙	8C19	諳	8AF3				
08AF6	谌	8C0C	諶	8AF6				
08AF7	讽	8BBD	諷	8AF7				
08AF8	諸	8AF8	諸	FA22	诸	8BF8		
08AFA	谚	8C1A	諺	8AFA				
08AFC	谖	8C16	諼	8AFC				
08AFE	诺	8BFA	諾	8AFE				
08B00	谋	8C0B	謀	8B00				
08B01	謁	8B01	謁	FA62	谒	8C12		
08B02	谓	8C13	謂	8B02				
08B04	誊	8A8A	謄	8B04				
08B05	诌	8BCC	謅	8B05				
08B0A	谎	8C0E	謊	8B0A				
08B0E	谜	8C1C	謎	8B0E				
08B10	谧	8C27	謐	8B10				
08B14	谑	8C11	謔	8B14				
08B16	谡	8C21	謖	8B16				
08B17	谤	8C24	謗	8B17				
08B19	谦	8C26	謙	8B19				
08B1A	谥	8C25	謚	8B1A				
08B1B	讲	8BB2	講	8B1B				
08B1D	谢	8C22	謝	8B1D				
08B20	謡	8B21	謠	8B20				
08B21	谣	8C23	謡	8B21				
08B28	谟	8C1F	謨	8B28				
08B2B	谪	8C2A	謫	8B2B				
08B2C	谬	8C2C	謬	8B2C				
08B2D	谫	8C2B	謭	8B2D				
08B33	讴	8BB4	謳	8B33				
08B39	謹	8B39	謹	FA63	谨	8C28		
08B3E	谩	8C29	謾	8B3E				
08B49	証	8A3C	證	8B49	证	8BC1		
08B4E	谲	8C32	譎	8B4E				
08B4F	讥	8BA5	譏	8B4F				
08B56	谮	8C2E	譖	8B56				
08B58	识	8BC6	識	8B58				
08B59	谯	8C2F	譙	8B59				
08B5A	谭	8C2D	譚	8B5A				
08B5C	谱	8C31	譜	8B5C				
08B6B	谵	8C35	譫	8B6B				
08B6F	訳	8A33	譯	8B6F	译	8BD1		
08B70	议	8BAE	議	8B70				
08B74	谴	8C34	譴	8B74				
08B77	护	62A4	護	8B77				
08B7D	誉	8A89	譽	8B7D				
08B80	読	8AAD	讀	8B80	读	8BFB		
08B85	谉	8C09	讅	8B85				
08B8A	変	5909	變	8B8A	变	53D8		
08B8B	詟	8A5F	讋	8B8B				
08B8C	䜩	4729	讌	8B8C				
08B8E	雠	96E0	讎	8B8E				
08B92	谗	8C17	讒	8B92				
08B93	譲	8B72	讓	8B93	让	8BA9		
08B95	谰	8C30	讕	8B95				
08B96	谶	8C36	讖	8B96				
08B9C	谠	8C20	讜	8B9C				
08B9E	谳	8C33	讞	8B9E				
08C48	岂	5C82	豈	8C48				
08C50	豊	8C4A	豐	8C50	丰	4E30		
08C6B	予	4E88	豫	8C6B				
08C76	豮	8C6E	豶	8C76				
08C9D	贝	8D1D	貝	8C9D				
08C9E	贞	8D1E	貞	8C9E				
08CA0	负	8D1F	負	8CA0				
08CA1	财	8D22	財	8CA1				
08CA2	贡	8D21	貢	8CA2				
08CA7	贫	8D2B	貧	8CA7				
08CA8	货	8D27	貨	8CA8				
08CA9	贩	8D29	販	8CA9				
08CAA	贪	8D2A	貪	8CAA				
08CAB	贯	8D2F	貫	8CAB				
08CAC	责	8D23	責	8CAC				
08CAF	贮	8D2E	貯	8CAF				
08CB0	贳	8D33	貰	8CB0				
08CB3	弐	5F10	貳	8CB3	贰	8D30		
08CB4	贵	8D35	貴	8CB4				
08CB6	贬	8D2C	貶	8CB6				
08CB7	买	4E70	買	8CB7				
08CB8	贷	8D37	貸	8CB8				
08CBA	贶	8D36	貺	8CBA				
08CBB	费	8D39	費	8CBB				
08CBC	贴	8D34	貼	8CBC				
08CBD	贻	8D3B	貽	8CBD				
08CBF	贸	8D38	貿	8CBF				
08CC0	贺	8D3A	賀	8CC0				
08CC1	贲	8D32	賁	8CC1				
08CC2	赂	8D42	賂	8CC2				
08CC3	赁	8D41	賃	8CC3				
08CC4	贿	8D3F	賄	8CC4				
08CC5	赅	8D45	賅	8CC5				
08CC7	资	8D44	資	8CC7				
08CC8	贾	8D3E	賈	8CC8				
08CCA	贼	8D3C	賊	8CCA				
08CD1	赈	8D48	賑	8CD1				
08CD2	赊	8D4A	賒	8CD2				
08CD3	賓	8CD3	賓	FA64	宾	5BBE		
08CD9	赒	8D52	賙	8CD9				
08CDA	赉	8D49	賚	8CDA				
08CDC	赐	8D50	賜	8CDC				
08CDE	赏	8D4F	賞	8CDE				
08CE0	赔	8D54	賠	8CE0				
08CE1	赓	8D53	賡	8CE1				
08CE2	贤	8D24	賢	8CE2				
08CE3	売	58F2	賣	8CE3	卖	5356		
08CE4	賤	8CE4	賎	8CCE	贱	8D31		
08CE6	赋	8D4B	賦	8CE6				
08CE7	赕	8D55	賧	8CE7				
08CEA	质	8D28	質	8CEA				
08CEB	赍	8D4D	賫	8CEB				
08CEC	账	8D26	賬	8CEC				
08CED	赌	8D4C	賭	8CED				
08CF4	頼	983C	賴	8CF4	赖	8D56		
08CF5	赗	8D57	賵	8CF5				
08CFA	赚	8D5A	賺	8CFA				
08CFB	赙	8D59	賻	8CFB				
08CFC	购	8D2D	購	8CFC				
08CFD	赛	8D5B	賽	8CFD				
08CFE	赜	8D5C	賾	8CFE				
08D04	贽	8D3D	贄	8D04				
08D05	赘	8D58	贅	8D05				
08D08	贈	8D08	贈	FA65	赠	8D60		
08D0A	賛	8CDB	贊	8D0A	赞	8D5E		
08D0B	赝	8D5D	贋	8D0B				
08D0D	赡	8D61	贍	8D0D				
08D0F	赢	8D62	贏	8D0F				
08D10	赆	8D46	贐	8D10				
08D16	赎	8D4E	贖	8D16				
08D1B	赣	8D63	贛	8D1B				
08D1C	脏	810F	贜	8D1C				
08D6C	赪	8D6A	赬	8D6C				
08D95	赶	8D76	趕	8D95				
08D99	赵	8D75	趙	8D99				
08DA8	趋	8D8B	趨	8DA8				
08DB2	趱	8DB1	趲	8DB2				
08E10	践	8DF5	踐	8E10				
08E4C	跄	8DC4	蹌	8E4C				
08E55	跸	8DF8	蹕	8E55				
08E63	蹒	8E52	蹣	8E63				
08E7A	跷	8DF7	蹺	8E7A				
08E89	趸	8DB8	躉	8E89				
08E8A	踌	8E0C	躊	8E8A				
08E8B	跻	8DFB	躋	8E8B				
08E8D	跃	8DC3	躍	8E8D				
08E91	踯	8E2F	躑	8E91				
08E93	踬	8E2C	躓	8E93				
08E9A	跹	8DF9	躚	8E9A				
08EA1	蹑	8E51	躡	8EA1				
08EA5	蹿	8E7F	躥	8EA5				
08EA6	躜	8E9C	躦	8EA6				
08EAA	躏	8E8F	躪	8EAA				
08EC0	軀	8EC0	躯	8EAF				
08ECA	车	8F66	車	8ECA				
08ECB	轧	8F67	軋	8ECB				
08ECC	轨	8F68	軌	8ECC				
08ECD	军	519B	軍	8ECD				
08ED2	轩	8F69	軒	8ED2				
08ED4	轫	8F6B	軔	8ED4				
08EDB	轭	8F6D	軛	8EDB				
08EDF	软	8F6F	軟	8EDF				
08EE4	轷	8F77	軤	8EE4				
08EEB	轸	8F78	軫	8EEB				
08EF2	轱	8F71	軲	8EF2				
08EF8	轴	8F74	軸	8EF8				
08EFA	轺	8F7A	軺	8EFA				
08EFB	轲	8F72	軻	8EFB				
08EFC	轶	8F76	軼	8EFC				
08EFE	轼	8F7C	軾	8EFE				
08F03	较	8F83	較	8F03				
08F05	辂	8F82	輅	8F05				
08F09	载	8F7D	載	8F09				
08F0A	轾	8F7E	輊	8F0A				
08F12	辄	8F84	輒	8F12				
08F14	辅	8F85	輔	8F14				
08F15	軽	8EFD	輕	8F15	轻	8F7B		
08F1B	辆	8F86	輛	8F1B				
08F1C	辎	8F8E	輜	8F1C				
08F1D	辉	8F89	輝	8F1D				
08F1E	辋	8F8B	輞	8F1E				
08F1F	辍	8F8D	輟	8F1F				
08F25	辊	8F8A	輥	8F25				
08F26	辇	8F87	輦	8F26				
08F29	辈	8F88	輩	8F29				
08F2A	轮	8F6E	輪	8F2A				
08F2F	辑	8F91	輯	8F2F				
08F33	辏	8F8F	輳	8F33				
08F38	输	8F93	輸	8F38				
08F3B	辐	8F90	輻	8F3B				
08F3E	辗	8F97	輾	8F3E				
08F3F	舆	8206	輿	8F3F				
08F42	毂	6BC2	轂	8F42				
08F44	辖	8F96	轄	8F44				
08F45	辕	8F95	轅	8F45				
08F46	辘	8F98	轆	8F46				
08F49	転	8EE2	轉	8F49	转	8F6C		
08F4D	辙	8F99	轍	8F4D				
08F4E	轿	8F7F	轎	8F4E				
08F54	辚	8F9A	轔	8F54				
08F5F	轰	8F70	轟	8F5F				
08F61	辔	8F94	轡	8F61				
08F62	轹	8F79	轢	8F62				
08F64	轳	8F73	轤	8F64				
08FA6	办	529E	辦	8FA6				
08FA8	弁	5F01	辨	8FA8	瓣	74E3	辯	8FAF
08FAD	辞	8F9E	辭	8FAD				
08FAE	辫	8FAB	辮	8FAE				
08FAF	辩	8FA9	辯	8FAF				
08FB2	农	519C	農	8FB2				
09019	这	8FD9	這	9019				
09023	连	8FDE	連	9023				
09032	进	8FDB	進	9032				
09038	逸	9038	逸	FA67				
0904B	运	8FD0	運	904B				
0904E	过	8FC7	過	904E				
09054	达	8FBE	達	9054				
09055	违	8FDD	違	9055				
09059	遥	9065	遙	9059				
0905C	逊	900A	遜	905C				
0905E	逓	9013	遞	905E	递	9012		
09060	远	8FDC	遠	9060				
09069	适	9002	適	9069				
09072	遅	9045	遲	9072	迟	8FDF		
09077	迁	8FC1	遷	9077				
09078	选	9009	選	9078				
0907A	遗	9057	遺	907A				
0907C	辽	8FBD	遼	907C				
09081	迈	8FC8	邁	9081				
09084	还	8FD8	還	9084				
09087	邇	9087	迩	8FE9				
0908A	辺	8FBA	邊	908A	边	8FB9		
0908F	逻	903B	邏	908F				
09090	逦	9026	邐	9090				
090DE	郎	90CE	郞	90DE				
090DF	郏	90CF	郟	90DF				
090F5	邮	90AE	郵	90F5				
090FD	都	90FD	都	FA26				
09106	郓	90D3	鄆	9106				
09112	邹	90B9	鄒	9112				
09114	邬	90AC	鄔	9114				
09115	郷	90F7	鄕	9115	乡	4E61	鄉	9109
09116	郧	90E7	鄖	9116				
09127	邓	9093	鄧	9127				
0912D	郑	90D1	鄭	912D				
09130	邻	90BB	鄰	9130				
09132	郸	90F8	鄲	9132				
09134	邺	90BA	鄴	9134				
09136	郐	90D0	鄶	9136				
0913A	邝	909D	鄺	913A				
09148	郦	90E6	酈	9148				
09189	酔	9154	醉	9189				
09196	酝	915D	醖	9196				
091A4	酱	9171	醤	91A4				
091AB	医	533B	醫	91AB				
091AC	醬	91AC	醤	91A4				
091B1	醱	91B1	醗	9197				
091C0	醸	91B8	釀	91C0	酿	917F		
091C1	衅	8845	釁	91C1				
091C3	酾	917E	釃	91C3				
091C5	酽	917D	釅	91C5				
091CB	釈	91C8	釋	91CB	释	91CA		
091CE	野	91CE	埜	57DC				
091D3	钆	9486	釓	91D3				
091D4	钇	9487	釔	91D4				
091D5	钌	948C	釕	91D5				
091D7	钊	948A	釗	91D7				
091D8	钉	9489	釘	91D8				
091D9	钋	948B	釙	91D9				
091DD	针	9488	針	91DD				
091E3	钓	9493	釣	91E3				
091E4	钐	9490	釤	91E4				
091E7	钏	948F	釧	91E7				
091E9	钒	9492	釩	91E9				
091F5	钗	9497	釵	91F5				
091F7	钍	948D	釷	91F7				
091F9	钕	9495	釹	91F9				
091FA	钎	948E	釺	91FA				
091FE	䥺	497A	釾	91FE				
09200	钯	94AF	鈀	9200				
09201	钫	94AB	鈁	9201				
09203	钘	9498	鈃	9203				
09204	钭	94AD	鈄	9204				
09208	钚	949A	鈈	9208				
09209	钠	94A0	鈉	9209				
0920D	钝	949D	鈍	920D				
0920E	钩	94A9	鈎	920E				
09210	钤	94A4	鈐	9210				
09214	钞	949E	鈔	9214				
09215	钮	94AE	鈕	9215				
0921E	钧	94A7	鈞	921E				
09223	钙	9499	鈣	9223				
09225	钬	94AC	鈥	9225				
09226	钛	949B	鈦	9226				
09227	钪	94AA	鈧	9227				
0922E	铌	94CC	鈮	922E				
09230	铈	94C8	鈰	9230				
09233	钶	94B6	鈳	9233				
09234	铃	94C3	鈴	9234				
09237	钴	94B4	鈷	9237				
09238	钹	94B9	鈸	9238				
09239	铍	94CD	鈹	9239				
0923A	钰	94B0	鈺	923A				
0923E	铀	94C0	鈾	923E				
0923F	钿	94BF	鈿	923F				
09240	钾	94BE	鉀	9240				
09248	铊	94CA	鉈	9248				
09249	铉	94C9	鉉	9249				
0924D	铋	94CB	鉍	924D				
09251	铂	94C2	鉑	9251				
09255	钷	94B7	鉕	9255				
09257	钳	94B3	鉗	9257				
0925A	铆	94C6	鉚	925A				
0925B	铅	94C5	鉛	925B				
0925E	钺	94BA	鉞	925E				
09262	钵	94B5	鉢	9262				
09266	钲	94B2	鉦	9266				
0926C	钼	94BC	鉬	926C				
0926D	钽	94BD	鉭	926D				
09276	铏	94CF	鉶	9276				
09278	铰	94F0	鉸	9278				
0927A	铒	94D2	鉺	927A				
0927B	铬	94EC	鉻	927B				
0927F	铪	94EA	鉿	927F				
09280	银	94F6	銀	9280				
09283	铳	94F3	銃	9283				
09285	铜	94DC	銅	9285				
09291	铣	94E3	銑	9291				
09293	铨	94E8	銓	9293				
09296	铢	94E2	銖	9296				
09298	铭	94ED	銘	9298				
0929A	铫	94EB	銚	929A				
0929C	衔	8854	銜	929C				
092A0	铑	94D1	銠	92A0				
092A3	铷	94F7	銣	92A3				
092A5	铱	94F1	銥	92A5				
092A6	铟	94DF	銦	92A6				
092A8	铵	94F5	銨	92A8				
092A9	铥	94E5	銩	92A9				
092AA	铕	94D5	銪	92AA				
092AB	铯	94EF	銫	92AB				
092AC	铐	94D0	銬	92AC				
092B1	铞	94DE	銱	92B1				
092B7	销	9500	銷	92B7				
092B9	锈	9508	銹	92B9				
092BB	锑	9511	銻	92BB				
092BC	锉	9509	銼	92BC				
092C1	铝	94DD	鋁	92C1				
092C3	锒	9512	鋃	92C3				
092C5	锌	950C	鋅	92C5				
092C7	钡	94A1	鋇	92C7				
092CC	铤	94E4	鋌	92CC				
092CF	铗	94D7	鋏	92CF				
092D2	锋	950B	鋒	92D2				
092DF	锓	9513	鋟	92DF				
092E4	锄	9504	鋤	92E4				
092E5	锃	9503	鋥	92E5				
092E6	锔	9514	鋦	92E6				
092E8	锇	9507	鋨	92E8				
092E9	铓	94D3	鋩	92E9				
092EA	铺	94FA	鋪	92EA				
092ED	锐	9510	鋭	92ED				
092EF	锆	9506	鋯	92EF				
092F0	锂	9502	鋰	92F0				
092F1	铽	94FD	鋱	92F1				
092F8	锯	952F	鋸	92F8				
092FC	钢	94A2	鋼	92FC				
09301	锞	951E	錁	9301				
09304	録	9332	錄	9304				
09307	锫	952B	錇	9307				
09310	锥	9525	錐	9310				
09312	锕	9515	錒	9312				
09315	锟	951F	錕	9315				
09318	锤	9524	錘	9318				
09319	锱	9531	錙	9319				
0931A	铮	94EE	錚	931A				
0931B	锛	951B	錛	931B				
09320	锭	952D	錠	9320				
09322	銭	92AD	錢	9322	钱	94B1		
09326	锦	9526	錦	9326				
09328	锚	951A	錨	9328				
0932B	锡	9521	錫	932B				
0932E	锢	9522	錮	932E				
0932F	错	9519	錯	932F				
09332	录	5F55	録	9332				
09333	锰	9530	錳	9333				
09338	铼	94FC	錸	9338				
09340	锝	951D	鍀	9340				
09341	锨	9528	鍁	9341				
09346	钔	9494	鍆	9346				
09347	锴	9534	鍇	9347				
0934A	錬	932C	鍊	934A				
0934B	锅	9505	鍋	934B				
0934D	镀	9540	鍍	934D				
09354	锷	9537	鍔	9354				
09358	铡	94E1	鍘	9358				
0935A	钖	9496	鍚	935A				
0935B	锻	953B	鍛	935B				
09364	锸	9538	鍤	9364				
09365	锲	9532	鍥	9365				
09369	锘	9518	鍩	9369				
0936C	锹	9539	鍬	936C				
09370	锾	953E	鍰	9370				
09375	键	952E	鍵	9375				
09376	锶	9536	鍶	9376				
0937A	锗	9517	鍺	937A				
09382	镁	9541	鎂	9382				
09384	锿	953F	鎄	9384				
09387	镅	9545	鎇	9387				
0938A	镑	9551	鎊	938A				
09396	锁	9501	鎖	9396				
09398	镉	9549	鎘	9398				
093A1	镃	9543	鎡	93A1				
093A2	钨	94A8	鎢	93A2				
093A6	镏	954F	鎦	93A6				
093A7	铠	94E0	鎧	93A7				
093A9	铩	94E9	鎩	93A9				
093AA	锼	953C	鎪	93AA				
093AC	镐	9550	鎬	93AC				
093AD	鎮	93AE	鎭	93AD				
093AE	镇	9547	鎮	93AE				
093B0	镒	9552	鎰	93B0				
093B3	镍	954D	鎳	93B3				
093B5	镓	9553	鎵	93B5				
093B8	镌	954C	鎸	93B8				
093BF	镎	954E	鎿	93BF				
093C3	镞	955E	鏃	93C3				
093C8	链	94FE	鏈	93C8				
093D1	镝	955D	鏑	93D1				
093D7	铿	94FF	鏗	93D7				
093D8	锵	9535	鏘	93D8				
093DC	镗	9557	鏜	93DC				
093DD	镘	9558	鏝	93DD				
093DE	镛	955B	鏞	93DE				
093DF	铲	94F2	鏟	93DF				
093E1	镜	955C	鏡	93E1				
093E2	镖	9556	鏢	93E2				
093E4	镂	9542	鏤	93E4				
093E8	錾	933E	鏨	93E8				
093F0	镚	955A	鏰	93F0				
093F5	铧	94E7	鏵	93F5				
093F7	镤	9564	鏷	93F7				
093F9	镪	956A	鏹	93F9				
093FA	䥽	497D	鏺	93FA				
09403	铙	94D9	鐃	9403				
09410	镣	9563	鐐	9410				
09412	铹	94F9	鐒	9412				
09413	镦	9566	鐓	9413				
09418	钟	949F	鐘	9418				
09419	镫	956B	鐙	9419				
0941D	镢	9562	鐝	941D				
09420	镨	9568	鐠	9420				
09425	䦅	4985	鐥	9425				
09426	锎	950E	鐦	9426				
09427	锏	950F	鐧	9427				
09428	镄	9544	鐨	9428				
0942E	镰	9570	鐮	942E				
0942F	䦃	4983	鐯	942F				
09432	镯	956F	鐲	9432				
09433	镭	956D	鐳	9433				
09435	鉄	9244	鐵	9435	铁	94C1		
09436	镮	956E	鐶	9436				
09438	铎	94CE	鐸	9438				
0943A	铛	94DB	鐺	943A				
0943F	镱	9571	鐿	943F				
09444	鋳	92F3	鑄	9444				
0944A	镬	956C	鑊	944A				
0944C	镔	9554	鑌	944C				
09452	鉴	9274	鑒	9452				
09454	镲	9572	鑔	9454				
09455	锧	9527	鑕	9455				
0945B	鉱	9271	鑛	945B				
0945E	镴	9574	鑞	945E				
09460	铄	94C4	鑠	9460				
09463	镳	9573	鑣	9463				
09465	镥	9565	鑥	9465				
0946D	镧	9567	鑭	946D				
09470	钥	94A5	鑰	9470				
09472	镶	9576	鑲	9472				
09477	镊	954A	鑷	9477				
09479	镩	9569	鑹	9479				
0947C	锣	9523	鑼	947C				
0947D	钻	94BB	鑽	947D				
0947E	銮	92AE	鑾	947E				
0947F	凿	51FF	鑿	947F				
09481	䦆	4986	钁	9481				
09482	镋	954B	钂	9482				
09577	长	957F	長	9577				
09580	门	95E8	門	9580				
09582	闩	95E9	閂	9582				
09583	闪	95EA	閃	9583				
09589	闭	95ED	閉	9589				
0958B	开	5F00	開	958B				
0958F	闰	95F0	閏	958F				
09591	闲	95F2	閑	9591				
09593	间	95F4	間	9593				
09594	闵	95F5	閔	9594				
09598	闸	95F8	閘	9598				
09599	闹	95F9	閙	9599				
095A1	阂	9602	閡	95A1				
095A3	阁	9601	閣	95A3				
095A5	阀	9600	閥	95A5				
095A8	闺	95FA	閨	95A8				
095A9	闽	95FD	閩	95A9				
095AB	阃	9603	閫	95AB				
095AC	阆	9606	閬	95AC				
095AD	闾	95FE	閭	95AD				
095B2	阅	9605	閲	95B2				
095B6	阊	960A	閶	95B6				
095B9	阉	9609	閹	95B9				
095BB	阎	960E	閻	95BB				
095BC	阏	960F	閼	95BC				
095BD	阍	960D	閽	95BD				
095BE	阈	9608	閾	95BE				
095BF	阌	960C	閿	95BF				
095C3	阒	9612	闃	95C3				
095C8	闱	95F1	闈	95C8				
095CA	阔	9614	闊	95CA				
095CB	阕	9615	闋	95CB				
095CC	阑	9611	闌	95CC				
095D0	阗	9617	闐	95D0				
095D3	闿	95FF	闓	95D3				
095D4	阖	9616	闔	95D4				
095D5	阙	9619	闕	95D5				
095D6	闯	95EF	闖	95D6				
095DC	関	95A2	關	95DC	关	5173		
095DE	阚	961A	闞	95DE				
095E1	阐	9610	闡	95E1				
095E2	辟	8F9F	闢	95E2				
095E5	闼	95FC	闥	95E5				
09658	陉	9649	陘	9658				
0965D	陕	9655	陝	965D				
09663	阵	9635	陣	9663				
09670	阴	9634	陰	9670				
09673	陈	9648	陳	9673				
09677	陥	9665	陷	9677				
09678	陆	9646	陸	9678				
0967D	阳	9633	陽	967D				
09686	隆	9686	隆	F9DC				
0968A	队	961F	隊	968A				
0968E	阶	9636	階	968E				
09695	陨	9668	隕	9695				
0969B	际	9645	際	969B				
096A8	随	968F	隨	96A8				
096AA	険	967A	險	96AA	险	9669		
096B1	隠	96A0	隱	96B1	隐	9690		
096B4	陇	9647	隴	96B4				
096B7	隶	96B6	隷	96B7				
096D6	虽	867D	雖	96D6				
096D9	双	53CC	雙	96D9				
096DB	雏	96CF	雛	96DB				
096DC	雑	96D1	雜	96DC	杂	6742		
096E2	离	79BB	離	96E2				
096E3	難	96E3	難	FA68	难	96BE		
096FB	电	7535	電	96FB				
09727	雾	96FE	霧	9727				
09738	覇	8987	霸	9738				
0973D	霁	9701	霽	973D				
09742	雳	96F3	靂	9742				
09744	霭	972D	靄	9744				
09746	叇	53C7	靆	9746				
09748	霊	970A	靈	9748	灵	7075		
09749	叆	53C6	靉	9749				
0975A	靓	9753	靚	975A				
0975C	静	9759	靜	975C				
09768	靥	9765	靨	9768				
09771	靱	9771	靭	976D				
0978F	巩	5DE9	鞏	978F				
097BD	鞒	9792	鞽	97BD				
097C3	鞑	9791	韃	97C3				
097C9	鞯	97AF	韉	97C9				
097CB	韦	97E6	韋	97CB				
097CC	韧	97E7	韌	97CC				
097CD	韨	97E8	韍	97CD				
097D3	韩	97E9	韓	97D3				
097D9	韪	97EA	韙	97D9				
097DC	韬	97EC	韜	97DC				
097DE	韫	97EB	韞	97DE				
097FF	響	97FF	響	FA69	响	54CD		
09801	页	9875	頁	9801				
09802	顶	9876	頂	9802				
09803	顷	9877	頃	9803				
09805	项	9879	項	9805				
09806	顺	987A	順	9806				
09807	顸	9878	頇	9807				
0980A	顼	987C	頊	980A				
0980C	颂	9882	頌	980C				
0980E	颀	9880	頎	980E				
0980F	颃	9883	頏	980F				
09810	预	9884	預	9810				
09811	顽	987D	頑	9811				
09812	颁	9881	頒	9812				
09813	顿	987F	頓	9813				
09817	颇	9887	頗	9817				
09818	领	9886	領	9818				
0981C	颌	988C	頜	981C				
09821	颉	9889	頡	9821				
09824	颐	9890	頤	9824				
09826	颏	988F	頦	9826				
0982D	头	5934	頭	982D				
09830	頰	9830	頬	982C				
09832	颋	988B	頲	9832				
09837	颔	9894	頷	9837				
09838	頸	9838	頚	981A				
0983B	頻	983B	頻	FA6A	频	9891		
0983D	颓	9893	頽	983D				
09846	颗	9897	顆	9846				
0984C	题	9898	題	984C				
0984D	额	989D	額	984D				
09852	颙	9899	顒	9852				
09853	颛	989B	顓	9853				
09854	颜	989C	顔	9854				
09858	愿	613F	願	9858				
09859	颡	98A1	顙	9859				
0985A	顚	985A	顛	985B				
0985B	颠	98A0	顛	985B				
0985E	類	985E	類	F9D0	类	7C7B		
09862	颟	989F	顢	9862				
09865	颢	98A2	顥	9865				
09867	顾	987E	顧	9867				
0986B	颤	98A4	顫	986B				
0986C	颥	98A5	顬	986C				
0986F	顕	9855	顯	986F	显	663E		
09870	颦	98A6	顰	9870				
09871	颅	9885	顱	9871				
09873	颞	989E	顳	9873				
09874	颧	98A7	顴	9874				
098A8	风	98CE	風	98A8				
098AF	飒	98D2	颯	98AF				
098B3	刮	522E	颳	98B3				
098B6	飓	98D3	颶	98B6				
098B8	飔	98D4	颸	98B8				
098BC	飕	98D5	颼	98BC				
098C0	飗	98D7	飀	98C0				
098C4	飘	98D8	飄	98C4				
098C6	飙	98D9	飆	98C6				
098DB	飞	98DE	飛	98DB				
098DC	翻	7FFB	飜	98DC				
098E5	饦	9966	飥	98E5				
098E9	饨	9968	飩	98E9				
098EA	饪	996A	飪	98EA				
098EB	饫	996B	飫	98EB				
098ED	饬	996C	飭	98ED				
098EF	饭	996D	飯	98EF				
098F2	饮	996E	飲	98F2				
098F4	饴	9974	飴	98F4				
098FC	饲	9972	飼	98FC				
098FD	饱	9971	飽	98FD				
098FE	饰	9970	飾	98FE				
098FF	饳	9973	飿	98FF				
09903	饺	997A	餃	9903				
09904	饸	9978	餄	9904				
09905	饼	997C	餅	9905				
09909	饷	9977	餉	9909				
0990A	养	517B	養	990A				
0990C	饵	9975	餌	990C				
0990E	饹	9979	餎	990E				
0990F	饻	997B	餏	990F				
09911	饽	997D	餑	9911				
09912	馁	9981	餒	9912				
09913	饿	997F	餓	9913				
09918	余	4F59	餘	9918				
0991B	馄	9984	餛	991B				
0991C	馃	9983	餜	991C				
0991E	饯	996F	餞	991E				
09920	餅	9905	餠	9920				
09921	馅	9985	餡	9921				
09928	馆	9986	館	9928				
09933	饧	9967	餳	9933				
09936	馉	9989	餶	9936				
09937	馇	9987	餷	9937				
0993A	馎	998E	餺	993A				
0993C	饩	9969	餼	993C				
0993E	馏	998F	餾	993E				
0993F	馊	998A	餿	993F				
09943	馍	998D	饃	9943				
09945	馒	9992	饅	9945				
09948	馐	9990	饈	9948				
09949	馑	9991	饉	9949				
0994A	馓	9993	饊	994A				
0994B	馈	9988	饋	994B				
0994C	馔	9994	饌	994C				
09951	饥	9965	饑	9951				
09952	饶	9976	饒	9952				
09957	飨	98E8	饗	9957				
0995C	餍	990D	饜	995C				
0995E	馋	998B	饞	995E				
0995F	馕	9995	饟	995F				
099AC	马	9A6C	馬	99AC				
099AD	驭	9A6D	馭	99AD				
099AE	冯	51AF	馮	99AE				
099B1	驮	9A6E	馱	99B1				
099B3	驰	9A70	馳	99B3				
099B4	驯	9A6F	馴	99B4				
099C1	驳	9A73	駁	99C1				
099D0	驻	9A7B	駐	99D0				
099D1	驽	9A7D	駑	99D1				
099D2	驹	9A79	駒	99D2				
099D4	驵	9A75	駔	99D4				
099D5	驾	9A7E	駕	99D5				
099D8	骀	9A80	駘	99D8				
099D9	驸	9A78	駙	99D9				
099DB	驶	9A76	駛	99DB				
099DD	驼	9A7C	駝	99DD				
099DF	驷	9A77	駟	99DF				
099E1	骂	9A82	駡	99E1				
099E2	骈	9A88	駢	99E2				
099ED	骇	9A87	駭	99ED				
099F1	骆	9A86	駱	99F1				
099F8	骎	9A8E	駸	99F8				
099FF	骏	9A8F	駿	99FF				
09A01	骋	9A8B	騁	9A01				
09A05	骓	9A93	騅	9A05				
09A0D	骒	9A92	騍	9A0D				
09A0E	骑	9A91	騎	9A0E				
09A0F	骐	9A90	騏	9A0F				
09A16	骛	9A9B	騖	9A16				
09A19	骗	9A97	騙	9A19				
09A2B	骞	9A9E	騫	9A2B				
09A2D	骘	9A98	騭	9A2D				
09A2E	骝	9A9D	騮	9A2E				
09A30	腾	817E	騰	9A30				
09A36	驺	9A7A	騶	9A36				
09A37	騒	9A12	騷	9A37	骚	9A9A		
09A38	骟	9A9F	騸	9A38				
09A3E	骡	9AA1	騾	9A3E				
09A40	蓦	84E6	驀	9A40				
09A41	骜	9A9C	驁	9A41				
09A42	骖	9A96	驂	9A42				
09A43	骠	9AA0	驃	9A43				
09A44	骢	9AA2	驄	9A44				
09A45	駆	99C6	驅	9A45	駈	99C8	驱	9A71
09A4A	骅	9A85	驊	9A4A				
09A4D	骁	9A81	驍	9A4D				
09A52	驒	9A52	騨	9A28				
09A55	骄	9A84	驕	9A55				
09A57	験	9A13	驗	9A57	验	9A8C		
09A5A	惊	60CA	驚	9A5A				
09A5B	駅	99C5	驛	9A5B	驿	9A7F		
09A5F	骤	9AA4	驟	9A5F				
09A62	驴	9A74	驢	9A62				
09A64	骧	9AA7	驤	9A64				
09A65	骥	9AA5	驥	9A65				
09A6A	骊	9A8A	驪	9A6A				
09AAF	肮	80AE	骯	9AAF				
09ACF	髅	9AC5	髏	9ACF				
09AD3	髄	9AC4	髓	9AD3				
09AD4	体	4F53	體	9AD4				
09AD5	髌	9ACC	髕	9AD5				
09AD6	髋	9ACB	髖	9AD6				
09AEE	髪	9AEA	髮	9AEE				
09B1A	须	987B	鬚	9B1A				
09B22	鬓	9B13	鬢	9B22				
09B29	阋	960B	鬩	9B29				
09B2D	闘	95D8	鬭	9B2D				
09B2E	阄	9604	鬮	9B2E				
09B4E	魉	9B49	魎	9B4E				
09B58	魇	9B47	魘	9B58				
09B5A	鱼	9C7C	魚	9B5A				
09B5B	鱽	9C7D	魛	9B5B				
09B6F	鲁	9C81	魯	9B6F				
09B74	鲂	9C82	魴	9B74				
09B77	鱿	9C7F	魷	9B77				
09B81	鲅	9C85	鮁	9B81				
09B83	鲆	9C86	鮃	9B83				
09B8D	鲏	9C8F	鮍	9B8D				
09B8E	鲇	9C87	鮎	9B8E				
09B90	鲐	9C90	鮐	9B90				
09B91	鲍	9C8D	鮑	9B91				
09B92	鲋	9C8B	鮒	9B92				
09B93	鲊	9C8A	鮓	9B93				
09B9A	鲒	9C92	鮚	9B9A				
09BA3	䲟	4C9F	鮣	9BA3				
09BA6	鲖	9C96	鮦	9BA6				
09BAA	鲔	9C94	鮪	9BAA				
09BAB	鲛	9C9B	鮫	9BAB				
09BAD	鲑	9C91	鮭	9BAD				
09BAE	鲜	9C9C	鮮	9BAE				
09BBA	鲝	9C9D	鮺	9BBA				
09BC0	鲧	9CA7	鯀	9BC0				
09BC1	鲠	9CA0	鯁	9BC1				
09BC7	鲩	9CA9	鯇	9BC7				
09BC9	鲤	9CA4	鯉	9BC9				
09BCA	鲨	9CA8	鯊	9BCA				
09BD4	鲻	9CBB	鯔	9BD4				
09BD6	鲭	9CAD	鯖	9BD6				
09BD7	鲞	9C9E	鯗	9BD7				
09BDB	鲷	9CB7	鯛	9BDB				
09BE1	鲱	9CB1	鯡	9BE1				
09BE2	鲵	9CB5	鯢	9BE2				
09BE4	鲲	9CB2	鯤	9BE4				
09BE7	鲳	9CB3	鯧	9BE7				
09BE8	鲸	9CB8	鯨	9BE8				
09BEA	鲮	9CAE	鯪	9BEA				
09BEB	鲰	9CB0	鯫	9BEB				
09BF0	鲶	9CB6	鯰	9BF0				
09BFD	鲫	9CAB	鯽	9BFD				
09BFF	鳊	9CCA	鯿	9BFF				
09C02	鲗	9C97	鰂	9C02				
09C06	䲠	4CA0	鰆	9C06				
09C08	鲽	9CBD	鰈	9C08				
09C09	鳇	9CC7	鰉	9C09				
09C0C	䲡	4CA1	鰌	9C0C				
09C0D	鳅	9CC5	鰍	9C0D				
09C10	鳄	9CC4	鰐	9C10				
09C12	鳆	9CC6	鰒	9C12				
09C13	鳃	9CC3	鰓	9C13				
09C1B	鳁	9CC1	鰛	9C1B				
09C1C	鳒	9CD2	鰜	9C1C				
09C1F	鳑	9CD1	鰟	9C1F				
09C23	鲥	9CA5	鰣	9C23				
09C25	鳏	9CCF	鰥	9C25				
09C27	䲢	4CA2	鰧	9C27				
09C28	鳎	9CCE	鰨	9C28				
09C2D	鳍	9CCD	鰭	9C2D				
09C31	鲢	9CA2	鰱	9C31				
09C32	鳌	9CCC	鰲	9C32				
09C33	鳓	9CD3	鰳	9C33				
09C35	鳘	9CD8	鰵	9C35				
09C37	鲦	9CA6	鰷	9C37				
09C39	鲣	9CA3	鰹	9C39				
09C3A	鰺	9C3A	鯵	9BF5				
09C3B	鳗	9CD7	鰻	9C3B				
09C3C	鳛	9CDB	鰼	9C3C				
09C3E	鳔	9CD4	鰾	9C3E				
09C45	鳙	9CD9	鱅	9C45				
09C48	鳕	9CD5	鱈	9C48				
09C49	鳖	9CD6	鱉	9C49				
09C52	鳟	9CDF	鱒	9C52				
09C54	鳝	9CDD	鱔	9C54				
09C56	鳜	9CDC	鱖	9C56				
09C57	鳞	9CDE	鱗	9C57				
09C58	鲟	9C9F	鱘	9C58				
09C5F	鲎	9C8E	鱟	9C5F				
09C60	鲙	9C99	鱠	9C60				
09C63	鳣	9CE3	鱣	9C63				
09C67	鳢	9CE2	鱧	9C67				
09C68	鲿	9CBF	鱨	9C68				
09C6D	鲚	9C9A	鱭	9C6D				
09C78	鲈	9C88	鱸	9C78				
09C7A	鲡	9CA1	鱺	9C7A				
09CE5	鸟	9E1F	鳥	9CE5				
09CE9	鸠	9E20	鳩	9CE9				
09CEC	凫	51EB	鳬	9CEC				
09CF3	凤	51E4	鳳	9CF3				
09CF4	鸣	9E23	鳴	9CF4				
09CF6	鸢	9E22	鳶	9CF6				
09CFE	䴓	4D13	鳾	9CFE				
09D06	鸩	9E29	鴆	9D06				
09D07	鸨	9E28	鴇	9D07				
09D09	鸦	9E26	鴉	9D09				
09D12	鸰	9E30	鴒	9D12				
09D15	鸵	9E35	鴕	9D15				
09D1B	鸳	9E33	鴛	9D1B				
09D1D	鸲	9E32	鴝	9D1D				
09D1E	鸮	9E2E	鴞	9D1E				
09D1F	鸱	9E31	鴟	9D1F				
09D23	鸪	9E2A	鴣	9D23				
09D26	鸯	9E2F	鴦	9D26				
09D28	鸭	9E2D	鴨	9D28				
09D2F	鸸	9E38	鴯	9D2F				
09D30	鸹	9E39	鴰	9D30				
09D34	鸻	9E3B	鴴	9D34				
09D37	䴕	4D15	鴷	9D37				
09D3B	鸿	9E3F	鴻	9D3B				
09D3F	鸽	9E3D	鴿	9D3F				
09D41	䴔	4D14	鵁	9D41				
09D42	鸺	9E3A	鵂	9D42				
09D43	鸼	9E3C	鵃	9D43				
09D49	鸾	9E3E	鵉	9D49				
09D51	鹃	9E43	鵑	9D51				
09D52	鹆	9E46	鵒	9D52				
09D53	鹁	9E41	鵓	9D53				
09D5C	鹈	9E48	鵜	9D5C				
09D5D	鹅	9E45	鵝	9D5D				
09D60	鹄	9E44	鵠	9D60				
09D61	鹉	9E49	鵡	9D61				
09D6A	鹌	9E4C	鵪	9D6A				
09D6C	鹏	9E4F	鵬	9D6C				
09D6E	鹐	9E50	鵮	9D6E				
09D72	鹊	9E4A	鵲	9D72				
09D84	䴖	4D16	鶄	9D84				
09D87	鸫	9E2B	鶇	9D87				
09D89	鹑	9E51	鶉	9D89				
09D8A	鹒	9E52	鶊	9D8A				
09D93	鹋	9E4B	鶓	9D93				
09D96	鹙	9E59	鶖	9D96				
09D98	鹕	9E55	鶘	9D98				
09D9A	鹗	9E57	鶚	9D9A				
09DA1	鹖	9E56	鶡	9DA1				
09DA5	鹛	9E5B	鶥	9DA5				
09DA9	鹜	9E5C	鶩	9DA9				
09DAA	䴗	4D17	鶪	9DAA				
09DAC	鸧	9E27	鶬	9DAC				
09DAF	鶯	9DAF	鴬	9D2C	莺	83BA		
09DB4	鹤	9E64	鶴	9DB4				
09DBA	鹡	9E61	鶺	9DBA				
09DBB	鹘	9E58	鶻	9DBB				
09DBC	鹣	9E63	鶼	9DBC				
09DC0	鹚	9E5A	鷀	9DC0				
09DC2	鹞	9E5E	鷂	9DC2				
09DC4	鶏	9D8F	鷄	9DC4	鸡	9E21		
09DC9	䴘	4D18	鷉	9DC9				
09DD3	鹧	9E67	鷓	9DD3				
09DD6	鹥	9E65	鷖	9DD6				
09DD7	鷗	9DD7	鴎	9D0E	鸥	9E25		
09DD9	鸷	9E37	鷙	9DD9				
09DDA	鹨	9E68	鷚	9DDA				
09DE5	鸶	9E36	鷥	9DE5				
09DE6	鹪	9E6A	鷦	9DE6				
09DEF	鹩	9E69	鷯	9DEF				
09DF2	鹫	9E6B	鷲	9DF2				
09DF3	鹇	9E47	鷳	9DF3				
09DF8	鹬	9E6C	鷸	9DF8				
09DF9	鹰	9E70	鷹	9DF9				
09DFA	鹭	9E6D	鷺	9DFA				
09E07	鹯	9E6F	鸇	9E07				
09E0A	䴙	4D19	鸊	9E0A				
09E15	鸬	9E2C	鸕	9E15				
09E1A	鹦	9E66	鸚	9E1A				
09E1B	鹳	9E73	鸛	9E1B				
09E1D	鹂	9E42	鸝	9E1D				
09E75	卤	5364	鹵	9E75				
09E78	硷	7877	鹸	9E78				
09E79	咸	54B8	鹹	9E79				
09E7A	鹾	9E7E	鹺	9E7A				
09E7C	鹼	9E7C	鹸	9E78				
09E7D	塩	5869	鹽	9E7D	盐	76D0		
09E97	丽	4E3D	麗	9E97				
09EA5	麦	9EA6	麥	9EA5				
09EA9	麸	9EB8	麩	9EA9				
09EB4	麴	9EB4	麹	9EB9				
09EB5	麺	9EBA	麵	9EB5				
09EBD	么	4E48	麽	9EBD				
09EC3	黄	9EC4	黃	9EC3				
09ECC	黉	9EC9	黌	9ECC				
09ED1	黒	9ED2	黑	9ED1				
09ED8	黙	9ED9	默	9ED8				
09EDE	点	70B9	點	9EDE				
09EE8	党	515A	黨	9EE8				
09EF4	霉	9709	黴	9EF4				
09EF6	黡	9EE1	黶	9EF6				
09EF7	黩	9EE9	黷	9EF7				
09EFD	黾	9EFE	黽	9EFD				
09EFF	鼋	9F0B	黿	9EFF				
09F09	鼍	9F0D	鼉	9F09				
09F4A	斉	6589	齊	9F4A				
09F4B	斎	658E	齋	9F4B	斋	658B		
09F4F	齑	9F51	齏	9F4F				
09F52	歯	6B6F	齒	9F52	齿	9F7F		
09F54	龀	9F80	齔	9F54				
09F59	龅	9F85	齙	9F59				
09F5C	龇	9F87	齜	9F5C				
09F5F	龃	9F83	齟	9F5F				
09F60	龆	9F86	齠	9F60				
09F61	齢	9F62	齡	9F61	龄	9F84		
09F66	龈	9F88	齦	9F66				
09F6A	龊	9F8A	齪	9F6A				
09F6C	龉	9F89	齬	9F6C				
09F72	龋	9F8B	齲	9F72				
09F77	龌	9F8C	齷	9F77				
09F8D	竜	7ADC	龍	9F8D	龙	9F99		
09F90	庞	5E9E	龐	9F90				
09F91	䶮	4DAE	龑	9F91				
09F94	龚	9F9A	龔	9F94				
09F95	龛	9F9B	龕	9F95				
09F9C	亀	4E80	龜	9F9C	龟	9F9F		
